TransactionID,Customer_Name,AccountID,TransactionDate_Time,TransactionAmount,TransactionType,Description
TXN000001,Andrew Williams,ACC000010,2025-01-02-10:44:20:953,50,Deposit,Cash Deposit
TXN000002,Lucas Smith,ACC000011,2025-01-02-05:53:29:156,60,Withdrawal,ATM Withdrawal
TXN000003,James Brown,ACC000012,2025-01-01-15:43:09:204,70,Deposit,Cash Deposit
TXN000004,Lucas Doe,ACC000013,2025-01-02-10:38:57:503,80,Withdrawal,ATM Withdrawal
TXN000005,Ethan Martinez,ACC000014,2025-01-01-15:53:53:357,90,Deposit,Cash Deposit
TXN000006,Marc Williams,ACC000015,2025-01-02-01:45:45:382,100,Withdrawal,ATM Withdrawal
TXN000007,Jane Martinez,ACC000017,2025-01-01-23:59:13:388,120,Withdrawal,ATM Withdrawal
TXN000008,David Rodriguez,ACC000018,2025-01-01-16:03:14:646,130,Deposit,Cash Deposit
TXN00009,Alexander Johnson,ACC000015,2025-01-02-10:44:30:963,40,Withdrawal,ATM Withdrawal
TXN000006,Olivia Johnson,ACC000015,2025-01-03-08:12:01:019,100,Withdrawal,ATM Withdrawal
TXN000007,Mason Davis,ACC000016,2025-01-03-12:45:08:275,110,Deposit,Cash Deposit
TXN000008,Logan Hall,ACC000017,2025-01-04-09:23:14:882,120,Withdrawal,ATM Withdrawal
TXN000009,Alexander Miller,ACC000018,2025-01-04-14:01:20:467,130,Deposit,Cash Deposit
TXN000010,Ethan Thompson,ACC000019,2025-01-05-10:43:26:654,140,Withdrawal,ATM Withdrawal
TXN000011,Benjamin Lee,ACC000020,2025-01-05-15:09:32:841,150,Deposit,Cash Deposit
TXN000012,Caleb White,ACC000021,2025-01-06-11:15:38:928,160,Withdrawal,ATM Withdrawal
TXN000013,Jaxon Martin,ACC000022,2025-01-06-16:41:45:015,170,Deposit,Cash Deposit
TXN000014,Elijah Harris,ACC000023,2025-01-07-12:29:51:102,180,Withdrawal,ATM Withdrawal
TXN000015,William Garcia,ACC000024,2025-01-07-17:53:57:189,190,Deposit,Cash Deposit
TXN000016,James Rodriguez,ACC000025,2025-01-08-13:43:03:276,200,Withdrawal,ATM Withdrawal
TXN000017,Alexander Hernandez,ACC000026,2025-01-08-18:59:09:363,210,Deposit,Cash Deposit
TXN000018,Benjamin Lopez,ACC000027,2025-01-09-14:57:15:450,220,Withdrawal,ATM Withdrawal
TXN000019,Mason Gonzalez,ACC000028,2025-01-09-20:13:21:537,230,Deposit,Cash Deposit
TXN000020,Logan Sanchez,ACC000029,2025-01-10-16:11:27:624,240,Withdrawal,ATM Withdrawal
TXN000021,Ethan Torres,ACC000030,2025-01-10-21:27:33:711,250,Deposit,Cash Deposit
TXN000022,Caleb Walker,ACC000031,2025-01-11-17:25:39:798,260,Withdrawal,ATM Withdrawal
TXN000023,Jaxon Young,ACC000032,2025-01-11-22:41:45:885,270,Deposit,Cash Deposit
TXN000024,Elijah Allen,ACC000033,2025-01-12-18:39:51:972,280,Withdrawal,ATM Withdrawal
TXN000025,William King,ACC000034,2025-01-12-23:55:58:059,290,Deposit,Cash Deposit
TXN000026,Alexander Wright,ACC000035,2025-01-13-19:53:04:146,300,Withdrawal,ATM Withdrawal
TXN000027,Benjamin Scott,ACC000036,2025-01-14-01:09:10:233,310,Deposit,Cash Deposit
TXN000028,Mason Nelson,ACC000037,2025-01-14-07:15:16:320,320,Withdrawal,ATM Withdrawal
TXN000029,Logan Mitchell,ACC000038,2025-01-14-12:21:22:407,330,Deposit,Cash Deposit
TXN000030,Ethan Russell,ACC000039,2025-01-14-17:27:28:494,340,Withdrawal,ATM Withdrawal
TXN000031,Caleb Robinson,ACC000040,2025-01-15-09:33:34:581,350,Deposit,Cash Deposit
TXN000032,Jaxon Campbell,ACC000041,2025-01-15-14:39:40:668,360,Withdrawal,ATM Withdrawal
TXN000033,Elijah Sanchez,ACC000042,2025-01-15-19:45:46:755,370,Deposit,Cash Deposit
TXN000034,William Jenkins,ACC000043,2025-01-16-01:51:52:842,380,Withdrawal,ATM Withdrawal
TXN000035,Alexander Sanders,ACC000044,2025-01-16-07:57:58:929,390,Deposit,Cash Deposit
TXN000036,Benjamin Reynolds,ACC000045,2025-01-16-13:03:05:016,400,Withdrawal,ATM Withdrawal
TXN000037,Mason Price,ACC000046,2025-01-17-09:09:11:103,410,Deposit,Cash Deposit
TXN000038,Logan Coleman,ACC000047,2025-01-17-14:15:17:190,420,Withdrawal,ATM Withdrawal
TXN000039,Ethan Peterson,ACC000048,2025-01-17-19:21:23:277,430,Deposit,Cash Deposit
TXN000040,Caleb Parker,ACC000049,2025-01-18-01:27:29:364,440,Withdrawal,ATM Withdrawal
TXN000041,Jaxon Foster,ACC000050,2025-01-18-07:33:35:451,450,Deposit,Cash Deposit
TXN000042,Elijah Russell,ACC000051,2025-01-18-12:39:41:538,460,Withdrawal,ATM Withdrawal
TXN000043,William Jenkins,ACC000052,2025-01-19-09:45:47:625,470,Deposit,Cash Deposit
TXN000044,Alexander Sanders,ACC000053,2025-01-19-14:51:53:712,480,Withdrawal,ATM Withdrawal
TXN000045,Benjamin Harris,ACC000054,2025-01-19-20:57:59:799,490,Deposit,Cash Deposit
TXN000046,Mason Davis,ACC000055,2025-01-20-02:03:05:886,500,Withdrawal,ATM Withdrawal
TXN000047,Logan Martin,ACC000056,2025-01-20-08:09:11:973,510,Deposit,Cash Deposit
TXN000048,Ethan Thompson,ACC000057,2025-01-20-13:15:17:060,520,Withdrawal,ATM Withdrawal
TXN000049,Caleb White,ACC000058,2025-01-21-09:21:23:147,530,Deposit,Cash Deposit
TXN000050,Jaxon Lee,ACC000059,2025-01-21-14:27:29:234,540,Withdrawal,ATM Withdrawal
TXN000051,Elijah Brown,ACC000060,2025-01-21-19:33:35:321,550,Deposit,Cash Deposit
TXN000052,William Miller,ACC000061,2025-01-22-01:39:41:408,560,Withdrawal,ATM Withdrawal
TXN000053,Alexander Wilson,ACC000062,2025-01-22-07:45:47:495,570,Deposit,Cash Deposit
TXN000054,Benjamin Anderson,ACC000063,2025-01-22-12:51:53:582,580,Withdrawal,ATM Withdrawal
TXN000055,Mason Thomas,ACC000064,2025-01-23-09:57:59:669,590,Deposit,Cash Deposit
TXN000056,Logan Jackson,ACC000065,2025-01-23-15:03:05:756,600,Withdrawal,ATM Withdrawal
TXN000057,Ethan Taylor,ACC000066,2025-01-23-20:09:11:843,610,Deposit,Cash Deposit
TXN000058,Caleb Moore,ACC000067,2025-01-24-02:15:17:930,620,Withdrawal,ATM Withdrawal
TXN000006,Olivia Johnson,ACC000015,2025-01-03-08:12:01:129,100,Withdrawal,ATM Withdrawal
TXN000007,Ava Davis,ACC000016,2025-01-03-12:45:06:753,110,Deposit,Cash Deposit
TXN000008,Mason Miller,ACC000017,2025-01-04-09:23:04:294,120,Withdrawal,ATM Withdrawal
TXN000009,Sophia Rodriguez,ACC000018,2025-01-04-14:56:08:467,130,Deposit,Cash Deposit
TXN000010,Logan Gonzalez,ACC000019,2025-01-05-10:17:03:198,140,Withdrawal,ATM Withdrawal
TXN000011,Mia Harris,ACC000020,2025-01-05-16:39:05:642,150,Deposit,Cash Deposit
TXN000012,Benjamin Thompson,ACC000021,2025-01-06-11:45:02:823,160,Withdrawal,ATM Withdrawal
TXN000013,Charlotte White,ACC000022,2025-01-06-18:12:07:391,170,Deposit,Cash Deposit
TXN000014,Elijah Jackson,ACC000023,2025-01-07-08:56:04:157,180,Withdrawal,ATM Withdrawal
TXN000015,Abigail Anderson,ACC000024,2025-01-07-13:29:05:627,190,Deposit,Cash Deposit
TXN000016,Alexander Thomas,ACC000025,2025-01-08-09:41:02:492,200,Withdrawal,ATM Withdrawal
TXN000017,Emily Lee,ACC000026,2025-01-08-15:17:07:823,210,Deposit,Cash Deposit
TXN000018,William Hall,ACC000027,2025-01-09-10:23:04:198,220,Withdrawal,ATM Withdrawal
TXN000019,Harper Lewis,ACC000028,2025-01-09-16:56:05:412,230,Deposit,Cash Deposit
TXN000020,James Clark,ACC000029,2025-01-10-08:17:03:823,240,Withdrawal,ATM Withdrawal
TXN000021,Evelyn Scott,ACC000030,2025-01-10-14:39:07:391,250,Deposit,Cash Deposit
TXN000022,Robert Mitchell,ACC000031,2025-01-11-09:45:04:157,260,Withdrawal,ATM Withdrawal
TXN000023,Lillian Russell,ACC000032,2025-01-11-15:12:06:753,270,Deposit,Cash Deposit
TXN000024,Richard Walker,ACC000033,2025-01-12-10:34:03:294,280,Withdrawal,ATM Withdrawal
TXN000025,Harper Young,ACC000034,2025-01-12-16:49:08:642,290,Deposit,Cash Deposit
TXN000026,Charles Allen,ACC000035,2025-01-13-09:10:05:823,300,Withdrawal,ATM Withdrawal
TXN000027,Aria King,ACC000036,2025-01-13-14:35:06:823,310,Deposit,Cash Deposit
TXN000028,Thomas Sanders,ACC000037,2025-01-14-10:58:04:198,320,Withdrawal,ATM Withdrawal
TXN000029,Zoe Brown,ACC000038,2025-01-14-16:22:07:391,330,Deposit,Cash Deposit
TXN000030,Donald Jenkins,ACC000039,2025-01-15-08:41:03:823,340,Withdrawal,ATM Withdrawal
TXN000031,Isabella Taylor,ACC000040,2025-01-15-14:51:05:627,350,Deposit,Cash Deposit
TXN000032,Ronald Davis,ACC000041,2025-01-16-09:29:04:157,360,Withdrawal,ATM Withdrawal
TXN000033,Charlotte Martin,ACC000042,2025-01-16-15:17:06:753,370,Deposit,Cash Deposit
TXN000034,Frank Harris,ACC000043,2025-01-17-10:49:03:823,380,Withdrawal,ATM Withdrawal
TXN000035,Amalia Thompson,ACC000044,2025-01-17-16:31:07:391,390,Deposit,Cash Deposit
TXN000036,Jack White,ACC000045,2025-01-18-09:04:05:823,400,Withdrawal,ATM Withdrawal
TXN000037,Amelia Jackson,ACC000046,2025-01-18-14:43:06:823,410,Deposit,Cash Deposit
TXN000038,Joseph Lee,ACC000047,2025-01-19-10:19:04:198,420,Withdrawal,ATM Withdrawal
TXN000039,Harper Hall,ACC000048,2025-01-19-16:08:05:412,430,Deposit,Cash Deposit
TXN000040,William Clark,ACC000049,2025-01-20-08:53:03:823,440,Withdrawal,ATM Withdrawal
TXN000041,Evelyn Scott,ACC000050,2025-01-20-14:27:07:391,450,Deposit,Cash Deposit
TXN000042,George Mitchell,ACC000051,2025-01-21-09:38:04:157,460,Withdrawal,ATM Withdrawal
TXN000043,Lillian Russell,ACC000052,2025-01-21-15:02:06:753,470,Deposit,Cash Deposit
TXN000044,Richard Walker,ACC000053,2025-01-22-10:15:03:294,480,Withdrawal,ATM Withdrawal
TXN000045,Aria Young,ACC000054,2025-01-22-16:26:08:642,490,Deposit,Cash Deposit
TXN000046,Charles Allen,ACC000055,2025-01-23-09:06:05:823,500,Withdrawal,ATM Withdrawal
TXN000047,Zoe King,ACC000056,2025-01-23-14:42:06:823,510,Deposit,Cash Deposit
TXN000048,Thomas Sanders,ACC000057,2025-01-24-10:35:04:198,520,Withdrawal,ATM Withdrawal
TXN000049,Isabella Brown,ACC000058,2025-01-24-16:03:07:391,530,Deposit,Cash Deposit
TXN000050,Donald Jenkins,ACC000059,2025-01-25-08:27:03:823,540,Withdrawal,ATM Withdrawal
TXN000051,Charlotte Taylor,ACC000060,2025-01-25-14:15:05:627,550,Deposit,Cash Deposit
TXN000052,Ronald Davis,ACC000061,2025-01-26-09:09:04:157,560,Withdrawal,ATM Withdrawal
TXN000053,Amalia Martin,ACC000062,2025-01-26-15:00:06:753,570,Deposit,Cash Deposit
TXN000054,Frank Harris,ACC000063,2025-01-27-10:38:03:823,580,Withdrawal,ATM Withdrawal
TXN000055,Amelia Thompson,ACC000064,2025-01-27-16:10:07:391,590,Deposit,Cash Deposit
TXN000056,Joseph White,ACC000065,2025-01-28-09:01:05:823,600,Withdrawal,ATM Withdrawal
TXN000057,Harper Jackson,ACC000066,2025-01-28-14:37:06:823,610,Deposit,Cash Deposit
TXN000058,William Lee,ACC000067,2025-01-29-10:10:04:198,620,Withdrawal,ATM Withdrawal
TXN000006,Andrew Williams,ACC000015,2025-01-02-11:05:20:953,55,Deposit,Cash Deposit
TXN000007,Olivia Johnson,ACC000016,2025-01-02-06:13:29:156,65,Withdrawal,ATM Withdrawal
TXN000008,James Brown,ACC000017,2025-01-01-16:03:09:204,75,Deposit,Cash Deposit
TXN000009,Ava Lee,ACC000018,2025-01-02-10:59:57:503,85,Withdrawal,ATM Withdrawal
TXN000010,Ethan Martinez,ACC000019,2025-01-01-16:13:53:357,95,Deposit,Cash Deposit
TXN000011,Lucas Smith,ACC000020,2025-01-02-05:58:29:156,58,Withdrawal,ATM Withdrawal
TXN000012,Mia Davis,ACC000021,2025-01-01-15:58:09:204,78,Deposit,Cash Deposit
TXN000013,Noah Hall,ACC000022,2025-01-02-10:41:57:503,82,Withdrawal,ATM Withdrawal
TXN000014,Sophia Rodriguez,ACC000023,2025-01-01-15:49:53:357,92,Deposit,Cash Deposit
TXN000015,Logan White,ACC000024,2025-01-02-06:02:29:156,62,Withdrawal,ATM Withdrawal
TXN000016,Isabella Thompson,ACC000025,2025-01-01-16:09:09:204,76,Deposit,Cash Deposit
TXN000017,William Jenkins,ACC000026,2025-01-02-11:02:57:503,88,Withdrawal,ATM Withdrawal
TXN000018,Charlotte Harris,ACC000027,2025-01-01-16:18:53:357,98,Deposit,Cash Deposit
TXN000019,Alexander Lewis,ACC000028,2025-01-02-05:55:29:156,59,Withdrawal,ATM Withdrawal
TXN000020,Amelia Patel,ACC000029,2025-01-01-15:55:09:204,79,Deposit,Cash Deposit
TXN000021,Elijah Kim,ACC000030,2025-01-02-10:45:57:503,83,Withdrawal,ATM Withdrawal
TXN000022,Harper Garcia,ACC000031,2025-01-01-15:52:53:357,93,Deposit,Cash Deposit
TXN000023,Jackson Miller,ACC000032,2025-01-02-06:05:29:156,63,Withdrawal,ATM Withdrawal
TXN000024,Evelyn Walker,ACC000033,2025-01-01-16:11:09:204,77,Deposit,Cash Deposit
TXN000025,Gabriel Russell,ACC000034,2025-01-02-11:04:57:503,89,Withdrawal,ATM Withdrawal
TXN000026,Abigail Wallace,ACC000035,2025-01-01-16:20:53:357,99,Deposit,Cash Deposit
TXN000027,Benjamin Brooks,ACC000036,2025-01-02-05:57:29:156,60,Withdrawal,ATM Withdrawal
TXN000028,Emily Chen,ACC000037,2025-01-01-15:59:09:204,80,Deposit,Cash Deposit
TXN000029,Caleb Sanders,ACC000038,2025-01-02-10:43:57:503,84,Withdrawal,ATM Withdrawal
TXN000030,Lily Tran,ACC000039,2025-01-01-15:54:53:357,94,Deposit,Cash Deposit
TXN000031,Jaxon Lee,ACC000040,2025-01-02-06:03:29:156,64,Withdrawal,ATM Withdrawal
TXN000032,Madison Nguyen,ACC000041,2025-01-01-16:08:09:204,74,Deposit,Cash Deposit
TXN000033,Joshua Martin,ACC000042,2025-01-02-11:01:57:503,86,Withdrawal,ATM Withdrawal
TXN000034,Victoria Brown,ACC000043,2025-01-01-16:16:53:357,96,Deposit,Cash Deposit
TXN000035,Julian Sanchez,ACC000044,2025-01-02-05:59:29:156,61,Withdrawal,ATM Withdrawal
TXN000036,Jessica Davis,ACC000045,2025-01-01-15:56:09:204,81,Deposit,Cash Deposit
TXN000037,Ryan Taylor,ACC000046,2025-01-02-10:46:57:503,87,Withdrawal,ATM Withdrawal
TXN000038,Samantha White,ACC000047,2025-01-01-15:51:53:357,91,Deposit,Cash Deposit
TXN000039,Kevin Thompson,ACC000048,2025-01-02-06:04:29:156,66,Withdrawal,ATM Withdrawal
TXN000040,Elizabeth Hall,ACC000049,2025-01-01-16:10:09:204,72,Deposit,Cash Deposit
TXN000041,Tyler Jenkins,ACC000050,2025-01-02-11:03:57:503,90,Withdrawal,ATM Withdrawal
TXN000042,Taylor Harris,ACC000051,2025-01-01-16:19:53:357,100,Deposit,Cash Deposit
TXN000043,Logan Lewis,ACC000052,2025-01-02-05:56:29:156,57,Withdrawal,ATM Withdrawal
TXN000044,Mia Patel,ACC000053,2025-01-01-15:57:09:204,73,Deposit,Cash Deposit
TXN000045,Elijah Kim,ACC000054,2025-01-02-10:47:57:503,85,Withdrawal,ATM Withdrawal
TXN000046,Harper Garcia,ACC000055,2025-01-01-15:50:53:357,89,Deposit,Cash Deposit
TXN000047,Jackson Miller,ACC000056,2025-01-02-06:06:29:156,67,Withdrawal,ATM Withdrawal
TXN000048,Evelyn Walker,ACC000057,2025-01-01-16:12:09:204,75,Deposit,Cash Deposit
TXN000049,Gabriel Russell,ACC000058,2025-01-02-11:06:57:503,92,Withdrawal,ATM Withdrawal
TXN000050,Abigail Wallace,ACC000059,2025-01-01-16:21:53:357,101,Deposit,Cash Deposit
TXN000051,Benjamin Brooks,ACC000060,2025-01-02-05:58:29:156,56,Withdrawal,ATM Withdrawal
TXN000052,Emily Chen,ACC000061,2025-01-01-16:00:09:204,82,Deposit,Cash Deposit
TXN000053,Caleb Sanders,ACC000062,2025-01-02-10:48:57:503,88,Withdrawal,ATM Withdrawal
TXN000054,Lily Tran,ACC000063,2025-01-01-15:55:53:357,95,Deposit,Cash Deposit
TXN000055,Jaxon Lee,ACC000064,2025-01-02-06:07:29:156,68,Withdrawal,ATM Withdrawal
TXN000056,Madison Nguyen,ACC000065,2025-01-01-16:09:09:204,76,Deposit,Cash Deposit
TXN000057,Joshua Martin,ACC000066,2025-01-02-11:07:57:503,93,Withdrawal,ATM Withdrawal
TXN000058,Victoria Brown,ACC000067,2025-01-01-16:17:53:357,97,Deposit,Cash Deposit
TXN000059,Julian Sanchez,ACC000068,2025-01-02-06:00:29:156,69,Withdrawal,ATM
TXN000006,Andrew Williams,ACC000015,2025-01-02-11:03:11:219,40,Withdrawal,ATM Withdrawal
TXN000007,Olivia Johnson,ACC000016,2025-01-01-12:13:42:658,110,Deposit,Cash Deposit
TXN000008,Lucas Smith,ACC000017,2025-01-02-06:21:49:435,30,Deposit,Cash Deposit
TXN000009,Ava Lee,ACC000018,2025-01-01-17:03:05:982,120,Withdrawal,ATM Withdrawal
TXN000010,Ethan Hall,ACC000019,2025-01-02-11:49:26:143,100,Deposit,Cash Deposit
TXN000011,James Davis,ACC000020,2025-01-01-14:22:15:627,25,Withdrawal,ATM Withdrawal
TXN000012,Sophia Rodriguez,ACC000021,2025-01-02-07:15:38:951,130,Deposit,Cash Deposit
TXN000013,Michael Brown,ACC000022,2025-01-01-16:43:57:389,140,Withdrawal,ATM Withdrawal
TXN000014,Isabella Garcia,ACC000023,2025-01-02-12:05:49:173,60,Deposit,Cash Deposit
TXN000015,William White,ACC000024,2025-01-01-13:14:29:756,150,Withdrawal,ATM Withdrawal
TXN000016,Charlotte Harris,ACC000025,2025-01-02-08:33:11:392,35,Deposit,Cash Deposit
TXN000017,Alexander Martin,ACC000026,2025-01-01-18:24:41:985,160,Withdrawal,ATM Withdrawal
TXN000018,Abigail Thompson,ACC000027,2025-01-02-13:17:26:528,70,Deposit,Cash Deposit
TXN000019,Benjamin Lewis,ACC000028,2025-01-01-15:59:58:219,45,Withdrawal,ATM Withdrawal
TXN000020,Emily Walker,ACC000029,2025-01-02-09:28:49:637,170,Deposit,Cash Deposit
TXN000021,Logan Robinson,ACC000030,2025-01-01-19:44:13:741,180,Withdrawal,ATM Withdrawal
TXN000022,Harper Young,ACC000031,2025-01-02-14:49:38:951,50,Deposit,Cash Deposit
TXN000023,Elijah Allen,ACC000032,2025-01-01-17:04:29:983,190,Withdrawal,ATM Withdrawal
TXN000024,Aria Scott,ACC000033,2025-01-02-10:51:59:219,65,Deposit,Cash Deposit
TXN000025,Jackson Foster,ACC000034,2025-01-01-20:35:41:627,200,Withdrawal,ATM Withdrawal
TXN000026,Amelia Sanders,ACC000035,2025-01-02-16:01:18:435,210,Deposit,Cash Deposit
TXN000027,William Lee,ACC000036,2025-01-01-18:49:11:143,55,Withdrawal,ATM Withdrawal
TXN000028,Mia Russell,ACC000037,2025-01-02-11:59:47:658,220,Deposit,Cash Deposit
TXN000029,Alexander Price,ACC000038,2025-01-01-21:43:25:982,230,Withdrawal,ATM Withdrawal
TXN000030,Isabella Mitchell,ACC000039,2025-01-02-17:27:36:951,75,Deposit,Cash Deposit
TXN000031,Ethan Russell,ACC000040,2025-01-01-19:53:53:389,240,Withdrawal,ATM Withdrawal
TXN000032,Charlotte Davis,ACC000041,2025-01-02-13:04:19:173,85,Deposit,Cash Deposit
TXN000033,Logan Jenkins,ACC000042,2025-01-01-22:38:57:756,250,Withdrawal,ATM Withdrawal
TXN000034,Abigail Brooks,ACC000043,2025-01-02-18:33:11:392,260,Deposit,Cash Deposit
TXN000035,Benjamin Sanchez,ACC000044,2025-01-01-20:51:29:985,95,Withdrawal,ATM Withdrawal
TXN000036,Emily Patel,ACC000045,2025-01-02-14:49:38:637,270,Deposit,Cash Deposit
TXN000037,Elijah Brown,ACC000046,2025-01-01-23:24:41:219,280,Withdrawal,ATM Withdrawal
TXN000038,Harper Taylor,ACC000047,2025-01-02-19:53:53:951,105,Deposit,Cash Deposit
TXN000039,Jackson White,ACC000048,2025-01-01-21:35:41:983,290,Withdrawal,ATM Withdrawal
TXN000040,Aria Hall,ACC000049,2025-01-02-16:01:18:435,300,Deposit,Cash Deposit
TXN000041,Amelia Walker,ACC000050,2025-01-01-22:59:58:627,115,Withdrawal,ATM Withdrawal
TXN000042,Mia Young,ACC000051,2025-01-02-12:51:59:219,310,Deposit,Cash Deposit
TXN000043,Alexander Mitchell,ACC000052,2025-01-01-23:51:29:982,320,Withdrawal,ATM Withdrawal
TXN000044,Isabella Russell,ACC000053,2025-01-02-18:04:19:143,125,Deposit,Cash Deposit
TXN000045,Ethan Foster,ACC000054,2025-01-01-20:38:57:389,330,Withdrawal,ATM Withdrawal
TXN000046,Charlotte Price,ACC000055,2025-01-02-14:27:36:951,340,Deposit,Cash Deposit
TXN000047,Logan Jenkins,ACC000056,2025-01-01-22:14:29:756,135,Withdrawal,ATM Withdrawal
TXN000048,Abigail Brooks,ACC000057,2025-01-02-20:33:11:392,350,Deposit,Cash Deposit
TXN000049,Benjamin Sanchez,ACC000058,2025-01-01-23:17:26:985,360,Withdrawal,ATM Withdrawal
TXN000050,Emily Patel,ACC000059,2025-01-02-17:28:49:637,145,Deposit,Cash Deposit
TXN000051,Elijah Brown,ACC000060,2025-01-01-21:24:41:219,370,Withdrawal,ATM Withdrawal
TXN000052,Harper Taylor,ACC000061,2025-01-02-19:44:13:951,155,Deposit,Cash Deposit
TXN000053,Jackson White,ACC000062,2025-01-01-22:22:15:983,380,Withdrawal,ATM Withdrawal
TXN000054,Aria Hall,ACC000063,2025-01-02-16:43:57:435,390,Deposit,Cash Deposit
TXN000055,Amelia Walker,ACC000064,2025-01-01-23:44:13:627,165,Withdrawal,ATM Withdrawal
TXN000056,Mia Young,ACC000065,2025-01-02-13:59:58:219,400,Deposit,Cash Deposit
TXN000057,Alexander Mitchell,ACC000066,2025-01-01-21:14:29:982,410,Withdrawal,ATM Withdrawal
TXN000058,Isabella Russell,ACC000067,2025-01-02-19:03:11:143,175,Deposit,Cash Deposit
TXN000006,Oliver Davis,ACC000015,2025-01-03-08:12:01:219,100,Withdrawal,ATM Withdrawal
TXN000007,Ava Lee,ACC000016,2025-01-03-12:45:00:678,110,Deposit,Cash Deposit
TXN000008,Jackson Hall,ACC000017,2025-01-04-09:30:15:394,120,Withdrawal,ATM Withdrawal
TXN000009,Sophia Patel,ACC000018,2025-01-04-14:10:20:851,130,Deposit,Cash Deposit
TXN000010,Ethan Kim,ACC000019,2025-01-05-10:50:30:128,140,Withdrawal,ATM Withdrawal
TXN000011,Mia Garcia,ACC000020,2025-01-05-11:35:45:627,150,Deposit,Cash Deposit
TXN000012,Logan Brooks,ACC000021,2025-01-06-08:20:10:315,160,Withdrawal,ATM Withdrawal
TXN000013,Isabella White,ACC000022,2025-01-06-13:15:25:684,170,Deposit,Cash Deposit
TXN000014,William Lewis,ACC000023,2025-01-07-09:40:05:759,180,Withdrawal,ATM Withdrawal
TXN000015,Charlotte Miller,ACC000024,2025-01-07-15:00:40:219,190,Deposit,Cash Deposit
TXN000016,Alexander Thompson,ACC000025,2025-01-08-10:15:20:463,200,Withdrawal,ATM Withdrawal
TXN000017,Abigail Wilson,ACC000026,2025-01-08-12:10:35:951,210,Deposit,Cash Deposit
TXN000018,Benjamin Anderson,ACC000027,2025-01-09-08:55:15:128,220,Withdrawal,ATM Withdrawal
TXN000019,Emily Thomas,ACC000028,2025-01-09-14:20:30:586,230,Deposit,Cash Deposit
TXN000020,Caleb Jackson,ACC000029,2025-01-10-09:50:05:394,240,Withdrawal,ATM Withdrawal
TXN000021,Harper Walker,ACC000030,2025-01-10-11:25:20:851,250,Deposit,Cash Deposit
TXN000022,Jaxon Allen,ACC000031,2025-01-11-10:30:30:627,260,Withdrawal,ATM Withdrawal
TXN000023,Evelyn Young,ACC000032,2025-01-11-13:10:45:315,270,Deposit,Cash Deposit
TXN000024,Landon Foster,ACC000033,2025-01-12-08:45:10:759,280,Withdrawal,ATM Withdrawal
TXN000025,Lily Ross,ACC000034,2025-01-12-15:20:25:463,290,Deposit,Cash Deposit
TXN000026,Elijah Sanders,ACC000035,2025-01-13-09:20:20:951,300,Withdrawal,ATM Withdrawal
TXN000027,Madison Russell,ACC000036,2025-01-13-12:00:35:128,310,Deposit,Cash Deposit
TXN000028,James Davis,ACC000037,2025-01-14-10:05:15:586,320,Withdrawal,ATM Withdrawal
TXN000029,Victoria Brown,ACC000038,2025-01-14-14:30:30:394,330,Deposit,Cash Deposit
TXN000030,Gabriel Lee,ACC000039,2025-01-15-09:00:05:851,340,Withdrawal,ATM Withdrawal
TXN000031,Jessica Martin,ACC000040,2025-01-15-11:35:20:627,350,Deposit,Cash Deposit
TXN000032,Michael White,ACC000041,2025-01-16-10:40:30:315,360,Withdrawal,ATM Withdrawal
TXN000033,Sarah Taylor,ACC000042,2025-01-16-13:25:45:684,370,Deposit,Cash Deposit
TXN000034,Nicholas Harris,ACC000043,2025-01-17-08:50:10:759,380,Withdrawal,ATM Withdrawal
TXN000035,Elizabeth Lewis,ACC000044,2025-01-17-15:05:25:219,390,Deposit,Cash Deposit
TXN000036,Anthony Walker,ACC000045,2025-01-18-09:45:20:463,400,Withdrawal,ATM Withdrawal
TXN000037,Julia Hall,ACC000046,2025-01-18-12:15:35:951,410,Deposit,Cash Deposit
TXN000038,Christopher Allen,ACC000047,2025-01-19-10:10:15:128,420,Withdrawal,ATM Withdrawal
TXN000039,Samantha Thompson,ACC000048,2025-01-19-14:40:30:586,430,Deposit,Cash Deposit
TXN000040,Matthew Anderson,ACC000049,2025-01-20-09:20:05:394,440,Withdrawal,ATM Withdrawal
TXN000041,Ashley Wilson,ACC000050,2025-01-20-11:50:20:851,450,Deposit,Cash Deposit
TXN000042,Joshua Jackson,ACC000051,2025-01-21-10:35:30:627,460,Withdrawal,ATM Withdrawal
TXN000043,Megan Thomas,ACC000052,2025-01-21-13:30:45:315,470,Deposit,Cash Deposit
TXN000044,Kevin Young,ACC000053,2025-01-22-08:30:10:759,480,Withdrawal,ATM Withdrawal
TXN000045,Lauren Foster,ACC000054,2025-01-22-15:15:25:463,490,Deposit,Cash Deposit
TXN000046,Brian Sanders,ACC000055,2025-01-23-09:40:20:951,500,Withdrawal,ATM Withdrawal
TXN000047,Amanda Russell,ACC000056,2025-01-23-12:20:35:128,510,Deposit,Cash Deposit
TXN000048,Eric Davis,ACC000057,2025-01-24-10:00:15:586,520,Withdrawal,ATM Withdrawal
TXN000049,Stephanie Brown,ACC000058,2025-01-24-14:45:30:394,530,Deposit,Cash Deposit
TXN000050,Ronald Lee,ACC000059,2025-01-25-09:05:05:851,540,Withdrawal,ATM Withdrawal
TXN000051,Rebecca Martin,ACC000060,2025-01-25-11:40:20:627,550,Deposit,Cash Deposit
TXN000052,Richard White,ACC000061,2025-01-26-10:45:30:315,560,Withdrawal,ATM Withdrawal
TXN000053,Patricia Taylor,ACC000062,2025-01-26-13:40:45:684,570,Deposit,Cash Deposit
TXN000054,Jeffrey Harris,ACC000063,2025-01-27-08:10:10:759,580,Withdrawal,ATM Withdrawal
TXN000055,Deborah Lewis,ACC000064,2025-01-27-15:25:25:219,590,Deposit,Cash Deposit
TXN000056,Frank Walker,ACC000065,2025-01-28-09:30:20:463,600,Withdrawal,ATM Withdrawal
TXN000057,Susan Hall,ACC000066,2025-01-28-12:30:35:951,610,Deposit,Cash Deposit
TXN000058,Daniel Allen,ACC000067,2025-01-29-10:05:15:128,620,Withdrawal,ATM Withdrawal
TXN000059,Margaret Thompson,ACC000068,2025-01-29-14:55:30:586,630,Deposit,Cash
TXN000006,Olivia Johnson,ACC000015,2025-01-03-08:12:43:219,100,Withdrawal,ATM Withdrawal
TXN000007,Ava Lee,ACC000016,2025-01-03-12:49:15:638,110,Deposit,Cash Deposit
TXN000008,Sophia Patel,ACC000017,2025-01-04-09:25:58:451,120,Withdrawal,ATM Withdrawal
TXN000009,Mia Kim,ACC000018,2025-01-04-14:38:29:753,130,Deposit,Cash Deposit
TXN000010,Isabella Hall,ACC000019,2025-01-05-10:53:49:268,140,Withdrawal,ATM Withdrawal
TXN000011,Charlotte Davis,ACC000020,2025-01-05-16:14:10:392,150,Deposit,Cash Deposit
TXN000012,Abigail Martin,ACC000021,2025-01-06-11:45:36:182,160,Withdrawal,ATM Withdrawal
TXN000013,Emily Taylor,ACC000022,2025-01-06-17:26:49:521,170,Deposit,Cash Deposit
TXN000014,Harper White,ACC000023,2025-01-07-08:58:24:659,180,Withdrawal,ATM Withdrawal
TXN000015,Amelia Wilson,ACC000024,2025-01-07-13:41:13:475,190,Deposit,Cash Deposit
TXN000016,Evelyn Anderson,ACC000025,2025-01-08-09:19:51:829,200,Withdrawal,ATM Withdrawal
TXN000017,Lily Thomas,ACC000026,2025-01-08-15:02:35:191,210,Deposit,Cash Deposit
TXN000018,Madison Jackson,ACC000027,2025-01-09-10:34:27:463,220,Withdrawal,ATM Withdrawal
TXN000019,Victoria Rodriguez,ACC000028,2025-01-09-16:17:04:697,230,Deposit,Cash Deposit
TXN000020,Jessica Garcia,ACC000029,2025-01-10-11:14:49:824,240,Withdrawal,ATM Withdrawal
TXN000021,Samantha Thompson,ACC000030,2025-01-10-17:01:26:354,250,Deposit,Cash Deposit
TXN000022,Ashley Moore,ACC000031,2025-01-11-08:47:11:492,260,Withdrawal,ATM Withdrawal
TXN000023,Sarah Taylor,ACC000032,2025-01-11-14:33:40:191,270,Deposit,Cash Deposit
TXN000024,Elizabeth Harris,ACC000033,2025-01-12-09:59:29:679,280,Withdrawal,ATM Withdrawal
TXN000025,Taylor Walker,ACC000034,2025-01-12-15:45:09:828,290,Deposit,Cash Deposit
TXN000026,Kayla Young,ACC000035,2025-01-13-10:29:47:363,300,Withdrawal,ATM Withdrawal
TXN000027,Alexis Russell,ACC000036,2025-01-13-16:15:53:191,310,Deposit,Cash Deposit
TXN000028,Jordan Lewis,ACC000037,2025-01-14-08:14:23:492,320,Withdrawal,ATM Withdrawal
TXN000029,Morgan Sanders,ACC000038,2025-01-14-14:01:41:697,330,Deposit,Cash Deposit
TXN000030,Logan Jenkins,ACC000039,2025-01-15-09:43:10:191,340,Withdrawal,ATM Withdrawal
TXN000031,Caleb Turner,ACC000040,2025-01-15-15:28:39:492,350,Deposit,Cash Deposit
TXN000032,Julian Sanchez,ACC000041,2025-01-16-10:17:28:824,360,Withdrawal,ATM Withdrawal
TXN000033,Landon Brooks,ACC000042,2025-01-16-16:05:16:679,370,Deposit,Cash Deposit
TXN000034,Gabriel Reynolds,ACC000043,2025-01-17-08:48:45:392,380,Withdrawal,ATM Withdrawal
TXN000035,Michael Foster,ACC000044,2025-01-17-14:37:22:191,390,Deposit,Cash Deposit
TXN000036,Alexander Wallace,ACC000045,2025-01-18-09:24:58:261,400,Withdrawal,ATM Withdrawal
TXN000037,Christopher Brooks,ACC000046,2025-01-18-15:12:46:492,410,Deposit,Cash Deposit
TXN000038,Andrew Nguyen,ACC000047,2025-01-19-10:47:29:191,420,Withdrawal,ATM Withdrawal
TXN000039,Benjamin Hill,ACC000048,2025-01-19-16:36:06:697,430,Deposit,Cash Deposit
TXN000040,Kevin Clark,ACC000049,2025-01-20-08:23:49:824,440,Withdrawal,ATM Withdrawal
TXN000041,Brian Davis,ACC000050,2025-01-20-14:14:33:363,450,Deposit,Cash Deposit
TXN000042,Matthew Rodriguez,ACC000051,2025-01-21-09:50:14:191,460,Withdrawal,ATM Withdrawal
TXN000043,Nicholas Robinson,ACC000052,2025-01-21-15:40:56:492,470,Deposit,Cash Deposit
TXN000044,Tyler Johnson,ACC000053,2025-01-22-10:28:41:261,480,Withdrawal,ATM Withdrawal
TXN000045,Eric Thompson,ACC000054,2025-01-22-16:18:23:679,490,Deposit,Cash Deposit
TXN000046,Ryan Lee,ACC000055,2025-01-23-08:56:12:191,500,Withdrawal,ATM Withdrawal
TXN000047,Austin White,ACC000056,2025-01-23-14:46:58:697,510,Deposit,Cash Deposit
TXN000048,Justin Brown,ACC000057,2025-01-24-09:33:49:824,520,Withdrawal,ATM Withdrawal
TXN000049,Dylan Hall,ACC000058,2025-01-24-15:24:42:492,530,Deposit,Cash Deposit
TXN000050,Joshua Harris,ACC000059,2025-01-25-10:12:35:191,540,Withdrawal,ATM Withdrawal
TXN000051,Cameron Martin,ACC000060,2025-01-25-16:03:29:261,550,Deposit,Cash Deposit
TXN000052,Cole Jackson,ACC000061,2025-01-26-08:51:23:679,560,Withdrawal,ATM Withdrawal
TXN000053,Logan Price,ACC000062,2025-01-26-14:42:10:824,570,Deposit,Cash Deposit
TXN000054,Parker Russell,ACC000063,2025-01-27-09:31:05:191,580,Withdrawal,ATM Withdrawal
TXN000055,Carson Sanders,ACC000064,2025-01-27-15:21:58:697,590,Deposit,Cash Deposit
TXN000006,Andrew Williams,ACC000015,2025-01-02-11:01:20:953,55,Deposit,Cash Deposit
TXN000007,Lucas Smith,ACC000016,2025-01-02-06:03:29:156,65,Withdrawal,ATM Withdrawal
TXN000008,James Brown,ACC000017,2025-01-01-16:03:09:204,75,Deposit,Cash Deposit
TXN000009,Lucas Doe,ACC000018,2025-01-02-10:58:57:503,85,Withdrawal,ATM Withdrawal
TXN000010,Ethan Martinez,ACC000019,2025-01-01-16:13:53:357,95,Deposit,Cash Deposit
TXN000011,Olivia Johnson,ACC000020,2025-01-03-09:44:20:953,58,Withdrawal,ATM Withdrawal
TXN000012,Ava Davis,ACC000021,2025-01-03-05:23:29:156,68,Deposit,Cash Deposit
TXN000013,Mason Miller,ACC000022,2025-01-02-17:43:09:204,78,Withdrawal,ATM Withdrawal
TXN000014,Sophia Rodriguez,ACC000023,2025-01-01-17:23:53:357,98,Deposit,Cash Deposit
TXN000015,Mia Garcia,ACC000024,2025-01-02-12:01:20:953,59,Withdrawal,ATM Withdrawal
TXN000016,Isabella Taylor,ACC000025,2025-01-02-07:03:29:156,69,Deposit,Cash Deposit
TXN000017,Charlotte White,ACC000026,2025-01-01-18:03:09:204,79,Withdrawal,ATM Withdrawal
TXN000018,Amelia Martin,ACC000027,2025-01-02-11:18:57:503,89,Deposit,Cash Deposit
TXN000019,Harper Thompson,ACC000028,2025-01-01-18:33:53:357,99,Withdrawal,ATM Withdrawal
TXN000020,Evelyn Harris,ACC000029,2025-01-03-10:14:20:953,51,Deposit,Cash Deposit
TXN000021,Abigail Jackson,ACC000030,2025-01-03-06:13:29:156,61,Withdrawal,ATM Withdrawal
TXN000022,Emily Lee,ACC000031,2025-01-02-18:23:09:204,71,Deposit,Cash Deposit
TXN000023,Lily Hall,ACC000032,2025-01-01-19:13:53:357,81,Withdrawal,ATM Withdrawal
TXN000024,Madison Brown,ACC000033,2025-01-02-12:35:20:953,62,Deposit,Cash Deposit
TXN000025,Victoria Lewis,ACC000034,2025-01-02-08:03:29:156,72,Withdrawal,ATM Withdrawal
TXN000026,Jessica Hernandez,ACC000035,2025-01-01-19:43:09:204,82,Deposit,Cash Deposit
TXN000027,Samantha Lopez,ACC000036,2025-01-02-12:01:57:503,92,Withdrawal,ATM Withdrawal
TXN000028,Ashley Patel,ACC000037,2025-01-01-20:03:53:357,52,Deposit,Cash Deposit
TXN000029,Sarah Kim,ACC000038,2025-01-03-11:14:20:953,63,Withdrawal,ATM Withdrawal
TXN000030,Elizabeth Brooks,ACC000039,2025-01-03-07:03:29:156,73,Deposit,Cash Deposit
TXN000031,Taylor Sanchez,ACC000040,2025-01-02-19:23:09:204,83,Withdrawal,ATM Withdrawal
TXN000032,Kayla Russell,ACC000041,2025-01-01-20:33:53:357,93,Deposit,Cash Deposit
TXN000033,Lauren Price,ACC000042,2025-01-02-13:01:20:953,64,Withdrawal,ATM Withdrawal
TXN000034,Stephanie Foster,ACC000043,2025-01-02-09:03:29:156,74,Deposit,Cash Deposit
TXN000035,Rebecca Sanders,ACC000044,2025-01-01-21:03:09:204,84,Withdrawal,ATM Withdrawal
TXN000036,Nicole Jenkins,ACC000045,2025-01-02-13:18:57:503,94,Deposit,Cash Deposit
TXN000037,Christine Russell,ACC000046,2025-01-01-21:23:53:357,54,Withdrawal,ATM Withdrawal
TXN000038,Katherine Bryant,ACC000047,2025-01-03-12:04:20:953,65,Deposit,Cash Deposit
TXN000039,Jennifer Rodriguez,ACC000048,2025-01-03-08:13:29:156,75,Withdrawal,ATM Withdrawal
TXN000040,Lisa Nguyen,ACC000049,2025-01-02-20:23:09:204,85,Deposit,Cash Deposit
TXN000041,Margaret Lee,ACC000050,2025-01-01-22:03:53:357,95,Withdrawal,ATM Withdrawal
TXN000042,Dorothy Davis,ACC000051,2025-01-02-14:01:20:953,56,Deposit,Cash Deposit
TXN000043,Betty Brown,ACC000052,2025-01-02-10:23:29:156,76,Withdrawal,ATM Withdrawal
TXN000044,Helen White,ACC000053,2025-01-01-22:33:09:204,86,Deposit,Cash Deposit
TXN000045,Deborah Martin,ACC000054,2025-01-02-14:38:57:503,96,Withdrawal,ATM Withdrawal
TXN000046,Melissa Harris,ACC000055,2025-01-01-23:03:53:357,57,Deposit,Cash Deposit
TXN000047,Barbara Jackson,ACC000056,2025-01-03-13:24:20:953,67,Withdrawal,ATM Withdrawal
TXN000048,Peggy Thompson,ACC000057,2025-01-03-09:23:29:156,77,Deposit,Cash Deposit
TXN000049,Carolyn Hall,ACC000058,2025-01-02-21:23:09:204,87,Withdrawal,ATM Withdrawal
TXN000050,Susan Lee,ACC000059,2025-01-01-23:33:53:357,97,Deposit,Cash Deposit
TXN000051,Christine Kim,ACC000060,2025-01-02-15:01:20:953,58,Withdrawal,ATM Withdrawal
TXN000052,Lisa Brooks,ACC000061,2025-01-02-11:33:29:156,78,Deposit,Cash Deposit
TXN000053,Margaret Sanchez,ACC000062,2025-01-01-23:53:09:204,88,Withdrawal,ATM Withdrawal
TXN000054,Dorothy Russell,ACC000063,2025-01-02-15:38:57:503,98,Deposit,Cash Deposit
TXN000055,Betty Foster,ACC000064,2025-01-01-00:03:53:357,59,Withdrawal,ATM Withdrawal
TXN000006,Mason Davis,ACC000015,2025-01-03-08:12:01:129,100,Withdrawal,ATM Withdrawal
TXN000007,Logan Hall,ACC000016,2025-01-02-12:45:06:421,110,Deposit,Cash Deposit
TXN000008,Alexander Miller,ACC000017,2025-01-01-18:23:49:753,120,Withdrawal,ATM Withdrawal
TXN000009,Elijah Taylor,ACC000018,2025-01-03-09:15:30:198,130,Deposit,Cash Deposit
TXN000010,William White,ACC000019,2025-01-02-06:53:12:654,140,Withdrawal,ATM Withdrawal
TXN000011,Oliver Lee,ACC000020,2025-01-01-16:47:38:421,150,Deposit,Cash Deposit
TXN000012,Benjamin Brown,ACC000021,2025-01-03-10:36:53:657,160,Withdrawal,ATM Withdrawal
TXN000013,Caleb Martin,ACC000022,2025-01-02-14:25:49:876,170,Deposit,Cash Deposit
TXN000014,Jaxon Thompson,ACC000023,2025-01-01-19:41:29:394,180,Withdrawal,ATM Withdrawal
TXN000015,Brayden Garcia,ACC000024,2025-01-03-11:14:17:823,190,Deposit,Cash Deposit
TXN000016,Bentley Harris,ACC000025,2025-01-02-07:39:45:219,200,Withdrawal,ATM Withdrawal
TXN000017,Landon Sanders,ACC000026,2025-01-01-17:16:52:467,210,Deposit,Cash Deposit
TXN000018,Cameron Russell,ACC000027,2025-01-03-12:41:06:542,220,Withdrawal,ATM Withdrawal
TXN000019,Julian Sanchez,ACC000028,2025-01-02-15:29:38:765,230,Deposit,Cash Deposit
TXN000020,Parker Patel,ACC000029,2025-01-01-20:49:04:982,240,Withdrawal,ATM Withdrawal
TXN000021,Cooper Brooks,ACC000030,2025-01-03-13:24:20:135,250,Deposit,Cash Deposit
TXN000022,Dominic Reynolds,ACC000031,2025-01-02-08:17:31:468,260,Withdrawal,ATM Withdrawal
TXN000023,Austin Weaver,ACC000032,2025-01-01-18:05:49:749,270,Deposit,Cash Deposit
TXN000024,Jackson Foster,ACC000033,2025-01-03-14:03:39:824,280,Withdrawal,ATM Withdrawal
TXN000025,Gavin Wallace,ACC000034,2025-01-02-16:10:17:654,290,Deposit,Cash Deposit
TXN000026,Joshua Douglas,ACC000035,2025-01-01-21:38:45:176,300,Withdrawal,ATM Withdrawal
TXN000027,Carlos Nguyen,ACC000036,2025-01-03-15:19:47:394,310,Deposit,Cash Deposit
TXN000028,Eric Jenkins,ACC000037,2025-01-02-09:06:51:823,320,Withdrawal,ATM Withdrawal
TXN000029,Adrian Simpson,ACC000038,2025-01-01-19:14:21:421,330,Deposit,Cash Deposit
TXN000030,Kevin Ross,ACC000039,2025-01-03-16:35:54:982,340,Withdrawal,ATM Withdrawal
TXN000031,Tyler Owens,ACC000040,2025-01-02-17:29:34:135,350,Deposit,Cash Deposit
TXN000032,Dylan Lawson,ACC000041,2025-01-01-22:27:10:657,360,Withdrawal,ATM Withdrawal
TXN000033,Christian Ellis,ACC000042,2025-01-03-17:48:07:198,370,Deposit,Cash Deposit
TXN000034,Alexander Pierce,ACC000043,2025-01-02-10:08:41:421,380,Withdrawal,ATM Withdrawal
TXN000035,Gabriel Sanders,ACC000044,2025-01-01-20:20:45:654,390,Deposit,Cash Deposit
TXN000036,Michael Stevens,ACC000045,2025-01-03-18:56:34:823,400,Withdrawal,ATM Withdrawal
TXN000037,Anthony Rogers,ACC000046,2025-01-02-11:50:27:876,410,Deposit,Cash Deposit
TXN000038,Christopher Lewis,ACC000047,2025-01-01-23:16:53:394,420,Withdrawal,ATM Withdrawal
TXN000039,Nicholas Walker,ACC000048,2025-01-03-19:59:02:982,430,Deposit,Cash Deposit
TXN000040,Andrew Sanders,ACC000049,2025-01-02-12:42:19:135,440,Withdrawal,ATM Withdrawal
TXN000041,Ryan Thompson,ACC000050,2025-01-01-21:01:34:657,450,Deposit,Cash Deposit
TXN000042,Joseph Brooks,ACC000051,2025-01-03-20:55:46:421,460,Withdrawal,ATM Withdrawal
TXN000043,Brian Mitchell,ACC000052,2025-01-02-13:46:58:823,470,Deposit,Cash Deposit
TXN000044,Justin Wright,ACC000053,2025-01-01-22:59:22:198,480,Withdrawal,ATM Withdrawal
TXN000045,Matthew Griffin,ACC000054,2025-01-03-21:44:02:982,490,Deposit,Cash Deposit
TXN000046,Eric Jenkins,ACC000055,2025-01-02-14:29:17:657,500,Withdrawal,ATM Withdrawal
TXN000047,Steven Hall,ACC000056,2025-01-01-23:47:49:394,510,Deposit,Cash Deposit
TXN000048,Jonathan Russell,ACC000057,2025-01-03-22:31:51:823,520,Withdrawal,ATM Withdrawal
TXN000049,Charles Brown,ACC000058,2025-01-02-15:16:42:421,530,Deposit,Cash Deposit
TXN000050,Jeremy Lee,ACC000059,2025-01-01-00:34:16:982,540,Withdrawal,ATM Withdrawal
TXN000051,Thomas Davis,ACC000060,2025-01-03-23:15:41:135,550,Deposit,Cash Deposit
TXN000052,Ronald White,ACC000061,2025-01-02-16:03:28:657,560,Withdrawal,ATM Withdrawal
TXN000053,Donald Martin,ACC000062,2025-01-01-01:23:10:198,570,Deposit,Cash Deposit
TXN000054,Frank Harris,ACC000063,2025-01-03-00:01:03:421,580,Withdrawal,ATM Withdrawal
TXN000055,Gary Thompson,ACC000064,2025-01-02-17:08:55:823,590,Deposit,Cash Deposit
TXN000006,Emily Chen,ACC000015,2025-01-03-08:12:01:019,110,Withdrawal,ATM Withdrawal
TXN000007,Michael Davis,ACC000016,2025-01-03-12:45:08:021,120,Deposit,Cash Deposit
TXN000008,Olivia Lee,ACC000017,2025-01-03-06:27:13:049,130,Withdrawal,ATM Withdrawal
TXN000009,William Hall,ACC000018,2025-01-03-17:38:20:067,140,Deposit,Cash Deposit
TXN000010,Sophia Patel,ACC000019,2025-01-03-09:43:29:082,150,Withdrawal,ATM Withdrawal
TXN000011,Jackson Kim,ACC000020,2025-01-03-14:52:37:096,160,Deposit,Cash Deposit
TXN000012,Ava Brown,ACC000021,2025-01-03-11:03:45:115,170,Withdrawal,ATM Withdrawal
TXN000013,Ethan Taylor,ACC000022,2025-01-03-16:14:53:129,180,Deposit,Cash Deposit
TXN000014,Mia Garcia,ACC000023,2025-01-03-07:25:01:141,190,Withdrawal,ATM Withdrawal
TXN000015,Logan White,ACC000024,2025-01-03-13:36:09:155,200,Deposit,Cash Deposit
TXN000016,Isabella Martin,ACC000025,2025-01-03-10:47:17:167,210,Withdrawal,ATM Withdrawal
TXN000017,Alexander Thompson,ACC000026,2025-01-03-18:58:25:179,220,Deposit,Cash Deposit
TXN000018,Charlotte Harris,ACC000027,2025-01-03-08:09:33:192,230,Withdrawal,ATM Withdrawal
TXN000019,Benjamin Lewis,ACC000028,2025-01-03-15:20:41:203,240,Deposit,Cash Deposit
TXN000020,Abigail Walker,ACC000029,2025-01-03-12:31:49:215,250,Withdrawal,ATM Withdrawal
TXN000021,Caleb Young,ACC000030,2025-01-03-09:42:57:226,260,Deposit,Cash Deposit
TXN000022,Harper Allen,ACC000031,2025-01-03-17:54:05:238,270,Withdrawal,ATM Withdrawal
TXN000023,Jaxon Wright,ACC000032,2025-01-03-14:05:13:250,280,Deposit,Cash Deposit
TXN000024,Evelyn Scott,ACC000033,2025-01-03-11:16:21:262,290,Withdrawal,ATM Withdrawal
TXN000025,Landon Price,ACC000034,2025-01-03-16:27:29:274,300,Deposit,Cash Deposit
TXN000026,Lily Rodriguez,ACC000035,2025-01-03-07:38:37:286,310,Withdrawal,ATM Withdrawal
TXN000027,Camden Sanchez,ACC000036,2025-01-03-13:49:45:298,320,Deposit,Cash Deposit
TXN000028,Madison Davis,ACC000037,2025-01-03-10:00:53:310,330,Withdrawal,ATM Withdrawal
TXN000029,Joshua Torres,ACC000038,2025-01-03-18:11:01:322,340,Deposit,Cash Deposit
TXN000030,Victoria Nguyen,ACC000039,2025-01-03-08:22:09:334,350,Withdrawal,ATM Withdrawal
TXN000031,Julian Lee,ACC000040,2025-01-03-15:33:17:346,360,Deposit,Cash Deposit
TXN000032,Jessica Brooks,ACC000041,2025-01-03-12:44:25:358,370,Withdrawal,ATM Withdrawal
TXN000033,Ryan Jenkins,ACC000042,2025-01-03-09:55:33:370,380,Deposit,Cash Deposit
TXN000034,Samantha Foster,ACC000043,2025-01-03-17:06:41:382,390,Withdrawal,ATM Withdrawal
TXN000035,Jackson Nguyen,ACC000044,2025-01-03-14:17:49:394,400,Deposit,Cash Deposit
TXN000036,Elizabeth Santos,ACC000045,2025-01-03-11:28:57:406,410,Withdrawal,ATM Withdrawal
TXN000037,Matthew Russell,ACC000046,2025-01-03-16:40:05:418,420,Deposit,Cash Deposit
TXN000038,Emily Kim,ACC000047,2025-01-03-07:51:13:430,430,Withdrawal,ATM Withdrawal
TXN000039,Benjamin Hall,ACC000048,2025-01-03-13:02:21:442,440,Deposit,Cash Deposit
TXN000040,Olivia Brown,ACC000049,2025-01-03-10:13:29:454,450,Withdrawal,ATM Withdrawal
TXN000041,Logan Taylor,ACC000050,2025-01-03-18:24:37:466,460,Deposit,Cash Deposit
TXN000042,Ava Garcia,ACC000051,2025-01-03-08:35:45:478,470,Withdrawal,ATM Withdrawal
TXN000043,Ethan Martin,ACC000052,2025-01-03-15:46:53:490,480,Deposit,Cash Deposit
TXN000044,Mia Thompson,ACC000053,2025-01-03-12:57:01:502,490,Withdrawal,ATM Withdrawal
TXN000045,Alexander White,ACC000054,2025-01-03-09:08:09:514,500,Deposit,Cash Deposit
TXN000046,Isabella Lewis,ACC000055,2025-01-03-17:19:17:526,510,Withdrawal,ATM Withdrawal
TXN000047,Jackson Walker,ACC000056,2025-01-03-14:30:25:538,520,Deposit,Cash Deposit
TXN000048,Sophia Harris,ACC000057,2025-01-03-11:41:33:550,530,Withdrawal,ATM Withdrawal
TXN000049,Michael Young,ACC000058,2025-01-03-16:52:41:562,540,Deposit,Cash Deposit
TXN000050,Emily Allen,ACC000059,2025-01-03-07:03:49:574,550,Withdrawal,ATM Withdrawal
TXN000051,William Wright,ACC000060,2025-01-03-13:14:57:586,560,Deposit,Cash Deposit
TXN000052,Olivia Scott,ACC000061,2025-01-03-10:26:05:598,570,Withdrawal,ATM Withdrawal
TXN000053,Benjamin Price,ACC000062,2025-01-03-18:37:13:610,580,Deposit,Cash Deposit
TXN000054,Ava Rodriguez,ACC000063,2025-01-03-08:48:21:622,590,Withdrawal,ATM Withdrawal
TXN000055,Ethan Sanchez,ACC000064,2025-01-03-15:59:29:634,600,Deposit,Cash Deposit
TXN000056,Mia Davis,ACC000065,2025-01-03-12:10:37:646,610,Withdrawal,ATM Withdrawal
TXN000057,Alexander Torres,ACC000066,2025-01-03-09:21:45:658,620,Deposit,Cash Deposit
TXN000058,Isabella Nguyen,ACC000067,2025-01-03-17:32:53:670,630,Withdrawal,ATM Withdrawal
TXN000006,Andrew Williams,ACC000015,2025-01-02-11:01:22:129,40,Withdrawal,Bank Transfer
TXN000007,Lucas Smith,ACC000016,2025-01-02-06:13:45:268,30,Deposit,Cash Deposit
TXN000008,James Brown,ACC000017,2025-01-01-16:02:18:392,20,Withdrawal,ATM Withdrawal
TXN000009,Lucas Doe,ACC000018,2025-01-02-10:49:14:659,10,Deposit,Mobile Deposit
TXN000010,Ethan Martinez,ACC000019,2025-01-01-16:11:39:472,60,Withdrawal,Bank Transfer
TXN000011,Andrew Williams,ACC000020,2025-01-02-11:10:50:823,50,Deposit,Cash Deposit
TXN000012,Olivia Johnson,ACC000021,2025-01-02-05:27:12:191,70,Withdrawal,ATM Withdrawal
TXN000013,Ava Lee,ACC000022,2025-01-01-15:21:47:628,80,Deposit,Mobile Deposit
TXN000014,Jackson Hall,ACC000023,2025-01-02-10:55:03:741,90,Withdrawal,Bank Transfer
TXN000015,Emily Davis,ACC000024,2025-01-01-16:29:16:895,40,Deposit,Cash Deposit
TXN000016,Michael Miller,ACC000025,2025-01-02-06:35:50:213,30,Withdrawal,ATM Withdrawal
TXN000017,Sophia Rodriguez,ACC000026,2025-01-02-11:20:09:384,20,Deposit,Mobile Deposit
TXN000018,William White,ACC000027,2025-01-01-16:46:30:517,10,Withdrawal,Bank Transfer
TXN000019,Charlotte Thomas,ACC000028,2025-01-02-10:59:26:682,60,Deposit,Cash Deposit
TXN000020,Abigail Jackson,ACC000029,2025-01-02-05:41:42:829,70,Withdrawal,ATM Withdrawal
TXN000021,Emily Chen,ACC000030,2025-01-01-15:35:04:951,80,Deposit,Mobile Deposit
TXN000022,Benjamin Kim,ACC000031,2025-01-02-11:29:43:116,90,Withdrawal,Bank Transfer
TXN000023,Harper Lewis,ACC000032,2025-01-01-16:58:49:259,40,Deposit,Cash Deposit
TXN000024,Alexander Brown,ACC000033,2025-01-02-06:49:01:392,30,Withdrawal,ATM Withdrawal
TXN000025,Evelyn Lee,ACC000034,2025-01-02-11:38:57:494,20,Deposit,Mobile Deposit
TXN000026,Logan Hall,ACC000035,2025-01-01-17:08:13:631,10,Withdrawal,Bank Transfer
TXN000027,Lillian Garcia,ACC000036,2025-01-02-11:08:15:759,60,Deposit,Cash Deposit
TXN000028,Elijah Martin,ACC000037,2025-01-02-05:55:29:883,70,Withdrawal,ATM Withdrawal
TXN000029,Aiden Thompson,ACC000038,2025-01-01-15:45:17:104,80,Deposit,Mobile Deposit
TXN000030,Daniel Wright,ACC000039,2025-01-02-11:47:24:226,90,Withdrawal,Bank Transfer
TXN000031,Julia Taylor,ACC000040,2025-01-01-17:19:41:357,40,Deposit,Cash Deposit
TXN000032,Lucas Brooks,ACC000041,2025-01-02-06:59:52:489,30,Withdrawal,ATM Withdrawal
TXN000033,Mia Sanders,ACC000042,2025-01-02-11:56:42:651,20,Deposit,Mobile Deposit
TXN000034,Benjamin Russell,ACC000043,2025-01-01-17:31:04:813,10,Withdrawal,Bank Transfer
TXN000035,Charlotte Walker,ACC000044,2025-01-02-11:14:09:976,60,Deposit,Cash Deposit
TXN000036,Logan Allen,ACC000045,2025-01-02-06:07:16:130,70,Withdrawal,ATM Withdrawal
TXN000037,Evelyn Young,ACC000046,2025-01-01-15:56:31:253,80,Deposit,Mobile Deposit
TXN000038,Alexander Torres,ACC000047,2025-01-02-12:05:48:384,90,Withdrawal,Bank Transfer
TXN000039,Harper Jenkins,ACC000048,2025-01-01-17:42:59:517,40,Deposit,Cash Deposit
TXN000040,Lillian Patel,ACC000049,2025-01-02-07:07:13:650,30,Withdrawal,ATM Withdrawal
TXN000041,Elijah Kim,ACC000050,2025-01-02-12:14:28:783,20,Deposit,Mobile Deposit
TXN000042,Julia Brown,ACC000051,2025-01-01-18:04:16:904,10,Withdrawal,Bank Transfer
TXN000043,Daniel Davis,ACC000052,2025-01-02-11:24:41:106,60,Deposit,Cash Deposit
TXN000044,Aiden Lee,ACC000053,2025-01-02-07:15:30:239,70,Withdrawal,ATM Withdrawal
TXN000045,Mia Hall,ACC000054,2025-01-01-16:04:49:372,80,Deposit,Mobile Deposit
TXN000046,Lucas White,ACC000055,2025-01-02-12:23:59:504,90,Withdrawal,Bank Transfer
TXN000047,Emily Martin,ACC000056,2025-01-01-18:24:15:635,40,Deposit,Cash Deposit
TXN000048,Benjamin Thomas,ACC000057,2025-01-02-07:23:45:767,30,Withdrawal,ATM Withdrawal
TXN000049,Charlotte Jackson,ACC000058,2025-01-02-12:33:21:898,20,Deposit,Mobile Deposit
TXN000050,Abigail Lewis,ACC000059,2025-01-01-18:43:40:110,10,Withdrawal,Bank Transfer
TXN000051,Alexander Rodriguez,ACC000060,2025-01-02-11:34:53:232,60,Deposit,Cash Deposit
TXN000052,Harper Lee,ACC000061,2025-01-02-07:31:59:355,70,Withdrawal,ATM Withdrawal
TXN000053,Evelyn Johnson,ACC000062,2025-01-01-16:23:16:478,80,Deposit,Mobile Deposit
TXN000054,Logan Walker,ACC000063,2025-01-02-12:43:29:601,90,Withdrawal,Bank Transfer
TXN000055,Lillian Brooks,ACC000064,2025-01-01-19:03:47:723,40,Deposit,Cash Deposit
TXN000006,Andrew Williams,ACC000015,2025-01-02-11:01:15:201,100,Withdrawal,ATM Withdrawal
TXN000007,Julia Lee,ACC000016,2025-01-02-06:23:42:118,40,Deposit,Cash Deposit
TXN000008,James Brown,ACC000017,2025-01-01-16:02:49:352,30,Withdrawal,Branch Withdrawal
TXN000009,Emily Davis,ACC000018,2025-01-02-10:55:14:654,120,Deposit,Online Deposit
TXN000010,Michael Miller,ACC000019,2025-01-02-05:27:38:421,20,Withdrawal,ATM Withdrawal
TXN000011,Sophia Garcia,ACC000020,2025-01-01-15:21:05:985,110,Deposit,Cash Deposit
TXN000012,Lucas Smith,ACC000021,2025-01-02-11:15:28:765,130,Withdrawal,Branch Withdrawal
TXN000013,William White,ACC000022,2025-01-02-06:49:59:138,50,Deposit,Online Deposit
TXN000014,Olivia Thompson,ACC000023,2025-01-01-16:21:41:268,90,Withdrawal,ATM Withdrawal
TXN000015,Ethan Martinez,ACC000024,2025-01-02-10:37:19:542,140,Deposit,Cash Deposit
TXN000016,Ava Harris,ACC000025,2025-01-02-05:59:26:421,60,Withdrawal,Branch Withdrawal
TXN000017,Logan Hall,ACC000026,2025-01-01-15:44:58:657,80,Deposit,Online Deposit
TXN000018,Isabella Walker,ACC000027,2025-01-02-11:04:17:936,150,Withdrawal,ATM Withdrawal
TXN000019,Alexander Lewis,ACC000028,2025-01-02-06:13:36:591,70,Deposit,Cash Deposit
TXN000020,Elijah Allen,ACC000029,2025-01-01-16:47:29:759,40,Withdrawal,Branch Withdrawal
TXN000021,Jackson Young,ACC000030,2025-01-02-10:49:33:111,160,Deposit,Online Deposit
TXN000022,Charlotte Scott,ACC000031,2025-01-02-05:42:16:273,30,Withdrawal,ATM Withdrawal
TXN000023,Abigail Russell,ACC000032,2025-01-01-15:28:54:695,100,Deposit,Cash Deposit
TXN000024,Benjamin Hughes,ACC000033,2025-01-02-11:21:50:635,170,Withdrawal,Branch Withdrawal
TXN000025,Harper Phillips,ACC000034,2025-01-02-06:56:38:493,50,Deposit,Online Deposit
TXN000026,Gabriel Mitchell,ACC000035,2025-01-01-16:59:04:891,60,Withdrawal,ATM Withdrawal
TXN000027,Amelia Wright,ACC000036,2025-01-02-10:24:19:351,180,Deposit,Cash Deposit
TXN000028,Caleb Martin,ACC000037,2025-01-02-05:16:43:925,80,Withdrawal,Branch Withdrawal
TXN000029,Evelyn Bryant,ACC000038,2025-01-01-15:51:29:114,70,Deposit,Online Deposit
TXN000030,Jaxon Peterson,ACC000039,2025-01-02-11:42:15:759,190,Withdrawal,ATM Withdrawal
TXN000031,Lillian Sanchez,ACC000040,2025-01-02-06:32:55:135,40,Deposit,Cash Deposit
TXN000032,Parker Reynolds,ACC000041,2025-01-01-17:04:26:594,90,Withdrawal,Branch Withdrawal
TXN000033,Zoe Rogers,ACC000042,2025-01-02-10:58:38:463,200,Deposit,Online Deposit
TXN000034,Cooper Brooks,ACC000043,2025-01-02-05:50:20:683,30,Withdrawal,ATM Withdrawal
TXN000035,Aubrey Foster,ACC000044,2025-01-01-16:13:51:248,110,Deposit,Cash Deposit
TXN000036,Lucas Ross,ACC000045,2025-01-02-11:09:42:819,210,Withdrawal,Branch Withdrawal
TXN000037,Sadie James,ACC000046,2025-01-02-06:20:12:654,50,Deposit,Online Deposit
TXN000038,Mason Alexander,ACC000047,2025-01-01-17:31:47:392,60,Withdrawal,ATM Withdrawal
TXN000039,Hannah Price,ACC000048,2025-01-02-10:33:59:275,220,Deposit,Cash Deposit
TXN000040,Caleb Turner,ACC000049,2025-01-02-05:38:29:854,80,Withdrawal,Branch Withdrawal
TXN000041,Emily Clark,ACC000050,2025-01-01-16:49:11:467,70,Deposit,Online Deposit
TXN000042,Logan Brown,ACC000051,2025-01-02-11:29:26:592,230,Withdrawal,ATM Withdrawal
TXN000043,Julia Taylor,ACC000052,2025-01-02-06:41:19:771,40,Deposit,Cash Deposit
TXN000044,Ethan Russell,ACC000053,2025-01-01-17:55:03:119,90,Withdrawal,Branch Withdrawal
TXN000045,Olivia Adams,ACC000054,2025-01-02-10:44:51:325,240,Deposit,Online Deposit
TXN000046,Ava Moore,ACC000055,2025-01-02-05:59:46:492,30,Withdrawal,ATM Withdrawal
TXN000047,Jackson Davis,ACC000056,2025-01-01-16:19:42:198,110,Deposit,Cash Deposit
TXN000048,Elijah Hall,ACC000057,2025-01-02-11:14:13:748,250,Withdrawal,Branch Withdrawal
TXN000049,Isabella Martin,ACC000058,2025-01-02-06:11:47:394,50,Deposit,Online Deposit
TXN000050,Alexander Thompson,ACC000059,2025-01-01-18:01:30:654,60,Withdrawal,ATM Withdrawal
TXN000051,Gabriel Garcia,ACC000060,2025-01-02-10:52:25:817,260,Deposit,Cash Deposit
TXN000052,Amelia Lee,ACC000061,2025-01-02-05:32:15:291,80,Withdrawal,Branch Withdrawal
TXN000053,Benjamin White,ACC000062,2025-01-01-17:16:59:463,70,Deposit,Online Deposit
TXN000054,Harper Walker,ACC000063,2025-01-02-11:38:40:128,270,Withdrawal,ATM Withdrawal
TXN000055,Caleb Scott,ACC000064,2025-01-02-06:49:15:631,40,Deposit,Cash Deposit
TXN000006,Andrew Williams,ACC000015,2025-01-02-11:01:02:109,100,Withdrawal,ATM Withdrawal
TXN000007,Olivia Johnson,ACC000016,2025-01-01-16:02:14:421,110,Deposit,Cash Deposit
TXN000008,Ava Lee,ACC000017,2025-01-02-06:03:25:632,120,Withdrawal,ATM Withdrawal
TXN000009,Ethan Hall,ACC000018,2025-01-01-16:12:36:843,130,Deposit,Cash Deposit
TXN000010,Lucas Brooks,ACC000019,2025-01-02-11:10:47:954,140,Withdrawal,ATM Withdrawal
TXN000011,Mia Davis,ACC000020,2025-01-01-16:22:58:165,150,Deposit,Cash Deposit
TXN000012,Noah Taylor,ACC000021,2025-01-02-06:20:09:276,160,Withdrawal,ATM Withdrawal
TXN000013,Sophia White,ACC000022,2025-01-01-16:31:10:387,170,Deposit,Cash Deposit
TXN000014,Logan Martin,ACC000023,2025-01-02-11:19:21:498,180,Withdrawal,ATM Withdrawal
TXN000015,Isabella Thompson,ACC000024,2025-01-01-16:40:32:609,190,Deposit,Cash Deposit
TXN000016,William Harris,ACC000025,2025-01-02-06:30:43:720,200,Withdrawal,ATM Withdrawal
TXN000017,Charlotte Jackson,ACC000026,2025-01-01-16:49:54:831,210,Deposit,Cash Deposit
TXN000018,Benjamin Garcia,ACC000027,2025-01-02-11:28:05:942,220,Withdrawal,ATM Withdrawal
TXN000019,Abigail Rodriguez,ACC000028,2025-01-01-16:58:06:153,230,Deposit,Cash Deposit
TXN000020,Caleb Lopez,ACC000029,2025-01-02-06:40:17:264,240,Withdrawal,ATM Withdrawal
TXN000021,Emily Gonzalez,ACC000030,2025-01-01-17:07:18:375,250,Deposit,Cash Deposit
TXN000022,Jaxon Sanchez,ACC000031,2025-01-02-11:37:29:486,260,Withdrawal,ATM Withdrawal
TXN000023,Harper Green,ACC000032,2025-01-01-17:16:30:597,270,Deposit,Cash Deposit
TXN000024,Alexander Russell,ACC000033,2025-01-02-06:50:41:708,280,Withdrawal,ATM Withdrawal
TXN000025,Evelyn Wright,ACC000034,2025-01-01-17:25:42:819,290,Deposit,Cash Deposit
TXN000026,Gabriel Torres,ACC000035,2025-01-02-11:46:53:930,300,Withdrawal,ATM Withdrawal
TXN000027,Lily Scott,ACC000036,2025-01-01-17:34:54:141,310,Deposit,Cash Deposit
TXN000028,Michael Jenkins,ACC000037,2025-01-02-07:00:05:252,320,Withdrawal,ATM Withdrawal
TXN000029,Madison Patel,ACC000038,2025-01-01-17:43:55:363,330,Deposit,Cash Deposit
TXN000030,Daniel Kim,ACC000039,2025-01-02-11:55:06:474,340,Withdrawal,ATM Withdrawal
TXN000031,Victoria Lee,ACC000040,2025-01-01-17:52:56:585,350,Deposit,Cash Deposit
TXN000032,Anthony Brown,ACC000041,2025-01-02-07:10:07:696,360,Withdrawal,ATM Withdrawal
TXN000033,Jessica Martin,ACC000042,2025-01-01-18:01:57:807,370,Deposit,Cash Deposit
TXN000034,Christopher Davis,ACC000043,2025-01-02-12:04:08:918,380,Withdrawal,ATM Withdrawal
TXN000035,Samantha Taylor,ACC000044,2025-01-01-18:10:58:129,390,Deposit,Cash Deposit
TXN000036,Matthew White,ACC000045,2025-01-02-07:20:09:240,400,Withdrawal,ATM Withdrawal
TXN000037,Elizabeth Hall,ACC000046,2025-01-01-18:19:58:351,410,Deposit,Cash Deposit
TXN000038,Joshua Thompson,ACC000047,2025-01-02-12:13:09:462,420,Withdrawal,ATM Withdrawal
TXN000039,Taylor Harris,ACC000048,2025-01-01-18:28:58:573,430,Deposit,Cash Deposit
TXN000040,Nicholas Garcia,ACC000049,2025-01-02-07:30:10:684,440,Withdrawal,ATM Withdrawal
TXN000041,Kayla Rodriguez,ACC000050,2025-01-01-18:37:58:795,450,Deposit,Cash Deposit
TXN000042,Andrew Brooks,ACC000051,2025-01-02-12:22:09:906,460,Withdrawal,ATM Withdrawal
TXN000043,Alexis Lopez,ACC000052,2025-01-01-18:46:58:107,470,Deposit,Cash Deposit
TXN000044,Julian Sanchez,ACC000053,2025-01-02-07:40:11:218,480,Withdrawal,ATM Withdrawal
TXN000045,Morgan Green,ACC000054,2025-01-01-18:55:58:329,490,Deposit,Cash Deposit
TXN000046,Ryan Russell,ACC000055,2025-01-02-12:31:09:440,500,Withdrawal,ATM Withdrawal
TXN000047,Sydney Wright,ACC000056,2025-01-01-19:04:58:551,510,Deposit,Cash Deposit
TXN000048,Tyler Torres,ACC000057,2025-01-02-07:50:12:662,520,Withdrawal,ATM Withdrawal
TXN000049,Jasmine Scott,ACC000058,2025-01-01-19:13:58:773,530,Deposit,Cash Deposit
TXN000050,Jackson Jenkins,ACC000059,2025-01-02-12:40:09:884,540,Withdrawal,ATM Withdrawal
TXN000051,Destiny Patel,ACC000060,2025-01-01-19:22:58:995,550,Deposit,Cash Deposit
TXN000052,Caleb Kim,ACC000061,2025-01-02-08:00:13:106,560,Withdrawal,ATM Withdrawal
TXN000053,Amanda Lee,ACC000062,2025-01-01-19:31:59:217,570,Deposit,Cash Deposit
TXN000054,Christian Brown,ACC000063,2025-01-02-12:49:09:328,580,Withdrawal,ATM Withdrawal
TXN000055,Emily Martin,ACC000064,2025-01-01-19:40:59:439,590,Deposit,Cash Deposit
TXN000006,Andrew Williams,ACC000015,2025-01-02-11:05:30:105,100,Withdrawal,ATM Withdrawal
TXN000007,Lucas Smith,ACC000016,2025-01-02-06:20:40:258,110,Deposit,Cash Deposit
TXN000008,James Brown,ACC000017,2025-01-01-16:01:19:306,120,Withdrawal,ATM Withdrawal
TXN000009,Lucas Doe,ACC000018,2025-01-02-11:10:35:409,130,Deposit,Cash Deposit
TXN000010,Ethan Martinez,ACC000019,2025-01-01-16:21:28:457,140,Withdrawal,ATM Withdrawal
TXN000011,Andrew Williams,ACC000020,2025-01-02-11:25:49:508,150,Deposit,Cash Deposit
TXN000012,Lucas Smith,ACC000021,2025-01-02-06:38:00:605,160,Withdrawal,ATM Withdrawal
TXN000013,James Brown,ACC000022,2025-01-01-16:38:19:703,170,Deposit,Cash Deposit
TXN000014,Lucas Doe,ACC000023,2025-01-02-11:38:30:806,180,Withdrawal,ATM Withdrawal
TXN000015,Ethan Martinez,ACC000024,2025-01-01-16:50:40:907,190,Deposit,Cash Deposit
TXN000016,Andrew Williams,ACC000025,2025-01-02-11:50:49:1008,200,Withdrawal,ATM Withdrawal
TXN000017,Lucas Smith,ACC000026,2025-01-02-06:55:10:1109,210,Deposit,Cash Deposit
TXN000018,James Brown,ACC000027,2025-01-01-17:00:29:1205,220,Withdrawal,ATM Withdrawal
TXN000019,Lucas Doe,ACC000028,2025-01-02-12:02:40:1306,230,Deposit,Cash Deposit
TXN000020,Ethan Martinez,ACC000029,2025-01-01-17:11:49:1407,240,Withdrawal,ATM Withdrawal
TXN000021,Andrew Williams,ACC000030,2025-01-02-12:10:59:1508,250,Deposit,Cash Deposit
TXN000022,Lucas Smith,ACC000031,2025-01-02-07:10:20:1602,260,Withdrawal,ATM Withdrawal
TXN000023,James Brown,ACC000032,2025-01-01-17:20:40:1703,270,Deposit,Cash Deposit
TXN000024,Lucas Doe,ACC000033,2025-01-02-12:20:50:1804,280,Withdrawal,ATM Withdrawal
TXN000025,Ethan Martinez,ACC000034,2025-01-01-17:30:59:1905,290,Deposit,Cash Deposit
TXN000026,Andrew Williams,ACC000035,2025-01-02-12:31:09:2006,300,Withdrawal,ATM Withdrawal
TXN000027,Lucas Smith,ACC000036,2025-01-02-07:25:30:2010,310,Deposit,Cash Deposit
TXN000028,James Brown,ACC000037,2025-01-01-17:41:09:2105,320,Withdrawal,ATM Withdrawal
TXN000029,Lucas Doe,ACC000038,2025-01-02-12:40:29:2206,330,Deposit,Cash Deposit
TXN000030,Ethan Martinez,ACC000039,2025-01-01-17:51:49:2307,340,Withdrawal,ATM Withdrawal
TXN000031,Andrew Williams,ACC000040,2025-01-02-12:51:09:2408,350,Deposit,Cash Deposit
TXN000032,Lucas Smith,ACC000041,2025-01-02-07:40:00:2502,360,Withdrawal,ATM Withdrawal
TXN000033,James Brown,ACC000042,2025-01-01-18:00:29:2603,370,Deposit,Cash Deposit
TXN000034,Lucas Doe,ACC000043,2025-01-02-13:01:40:2704,380,Withdrawal,ATM Withdrawal
TXN000035,Ethan Martinez,ACC000044,2025-01-01-18:11:49:2805,390,Deposit,Cash Deposit
TXN000036,Andrew Williams,ACC000045,2025-01-02-13:10:59:2906,400,Withdrawal,ATM Withdrawal
TXN000037,Lucas Smith,ACC000046,2025-01-02-07:55:20:3007,410,Deposit,Cash Deposit
TXN000038,James Brown,ACC000047,2025-01-01-18:20:40:3108,420,Withdrawal,ATM Withdrawal
TXN000039,Lucas Doe,ACC000048,2025-01-02-13:21:00:3210,430,Deposit,Cash Deposit
TXN000040,Ethan Martinez,ACC000049,2025-01-01-18:31:09:3311,440,Withdrawal,ATM Withdrawal
TXN000041,Andrew Williams,ACC000050,2025-01-02-13:31:29:3412,450,Deposit,Cash Deposit
TXN000042,Lucas Smith,ACC000051,2025-01-02-08:05:00:3504,460,Withdrawal,ATM Withdrawal
TXN000043,James Brown,ACC000052,2025-01-01-18:41:09:3613,470,Deposit,Cash Deposit
TXN000044,Lucas Doe,ACC000053,2025-01-02-13:41:49:3714,480,Withdrawal,ATM Withdrawal
TXN000045,Ethan Martinez,ACC000054,2025-01-01-18:51:29:3815,490,Deposit,Cash Deposit
TXN000046,Andrew Williams,ACC000055,2025-01-02-13:52:00:3916,500,Withdrawal,ATM Withdrawal
TXN000047,Lucas Smith,ACC000056,2025-01-02-08:15:30:4010,510,Deposit,Cash Deposit
TXN000048,James Brown,ACC000057,2025-01-01-19:01:09:4111,520,Withdrawal,ATM Withdrawal
TXN000049,Lucas Doe,ACC000058,2025-01-02-14:02:09:4212,530,Deposit,Cash Deposit
TXN000050,Ethan Martinez,ACC000059,2025-01-01-19:10:40:4313,540,Withdrawal,ATM Withdrawal
TXN000051,Andrew Williams,ACC000060,2025-01-02-14:10:49:4414,550,Deposit,Cash Deposit
TXN000052,Lucas Smith,ACC000061,2025-01-02-08:25:40:4515,560,Withdrawal,ATM Withdrawal
TXN000053,James Brown,ACC000062,2025-01-01-19:20:59:4616,570,Deposit,Cash Deposit
TXN000054,Lucas Doe,ACC000063,2025-01-02-14:21:10:4717,580,Withdrawal,ATM Withdrawal
TXN000055,Ethan Martinez,ACC000064,2025-01-01-19:31:29:4818,590,Deposit,Cash Deposit
TXN000056,Andrew Williams,ACC000065,2025-01-02-14:31:50:4920,600,Withdrawal,ATM Withdrawal
TXN000057,Lucas Smith,ACC000066,2025-01-02-08:40:01:5021,610,Deposit,Cash Deposit
TXN000006,Olivia Lee,ACC000015,2025-01-03-08:12:01:019,100,Withdrawal,ATM Withdrawal
TXN000007,Ava Kim,ACC000016,2025-01-03-12:45:08:210,110,Deposit,Cash Deposit
TXN000008,Ethan Hall,ACC000017,2025-01-04-09:23:14:351,120,Withdrawal,ATM Withdrawal
TXN000009,Lucas Brooks,ACC000018,2025-01-04-14:56:25:491,130,Deposit,Cash Deposit
TXN000010,Mia Davis,ACC000019,2025-01-05-10:38:35:618,140,Withdrawal,ATM Withdrawal
TXN000011,Noah Taylor,ACC000020,2025-01-05-16:11:44:735,150,Deposit,Cash Deposit
TXN000012,Emily Chen,ACC000021,2025-01-06-11:49:52:882,160,Withdrawal,ATM Withdrawal
TXN000013,Logan White,ACC000022,2025-01-06-17:27:03:039,170,Deposit,Cash Deposit
TXN000014,Sophia Patel,ACC000023,2025-01-07-13:08:13:157,180,Withdrawal,ATM Withdrawal
TXN000015,Alexander Lee,ACC000024,2025-01-07-18:47:22:281,190,Deposit,Cash Deposit
TXN000016,Isabella Kim,ACC000025,2025-01-08-14:29:32:394,200,Withdrawal,ATM Withdrawal
TXN000017,Benjamin Brown,ACC000026,2025-01-08-20:09:43:506,210,Deposit,Cash Deposit
TXN000018,Charlotte Davis,ACC000027,2025-01-09-15:51:55:625,220,Withdrawal,ATM Withdrawal
TXN000019,Caleb Martin,ACC000028,2025-01-09-21:33:08:743,230,Deposit,Cash Deposit
TXN000020,Abigail Harris,ACC000029,2025-01-10-17:16:21:864,240,Withdrawal,ATM Withdrawal
TXN000021,Jaxon Thompson,ACC000030,2025-01-10-23:01:32:981,250,Deposit,Cash Deposit
TXN000022,Harper Jackson,ACC000031,2025-01-11-18:48:43:104,260,Withdrawal,ATM Withdrawal
TXN000023,Elijah Walker,ACC000032,2025-01-11-00:36:54:225,270,Deposit,Cash Deposit
TXN000024,Amelia Lewis,ACC000033,2025-01-12-19:25:06:346,280,Withdrawal,ATM Withdrawal
TXN000025,William Robinson,ACC000034,2025-01-12-01:14:19:465,290,Deposit,Cash Deposit
TXN000026,Evelyn Young,ACC000035,2025-01-13-20:06:31:589,300,Withdrawal,ATM Withdrawal
TXN000027,James Russell,ACC000036,2025-01-13-01:58:42:709,310,Deposit,Cash Deposit
TXN000028,Lily Sanders,ACC000037,2025-01-14-20:50:52:833,320,Withdrawal,ATM Withdrawal
TXN000029,George Jenkins,ACC000038,2025-01-14-02:43:05:956,330,Deposit,Cash Deposit
TXN000030,Madison Gray,ACC000039,2025-01-15-21:34:18:077,340,Withdrawal,ATM Withdrawal
TXN000031,Robert Foster,ACC000040,2025-01-15-03:26:31:201,350,Deposit,Cash Deposit
TXN000032,Victoria Watson,ACC000041,2025-01-16-22:19:43:322,360,Withdrawal,ATM Withdrawal
TXN000033,Richard Sanchez,ACC000042,2025-01-16-04:11:54:443,370,Deposit,Cash Deposit
TXN000034,Jessica Mitchell,ACC000043,2025-01-17-23:06:04:566,380,Withdrawal,ATM Withdrawal
TXN000035,Charles Price,ACC000044,2025-01-17-05:00:17:687,390,Deposit,Cash Deposit
TXN000036,Samantha Garcia,ACC000045,2025-01-18-23:53:28:808,400,Withdrawal,ATM Withdrawal
TXN000037,Thomas Bryant,ACC000046,2025-01-18-05:47:41:929,410,Deposit,Cash Deposit
TXN000038,Elizabeth Rodriguez,ACC000047,2025-01-19-00:42:53:050,420,Withdrawal,ATM Withdrawal
TXN000039,Donald Tucker,ACC000048,2025-01-19-06:33:06:172,430,Deposit,Cash Deposit
TXN000040,Mary Flores,ACC000049,2025-01-20-01:32:18:293,440,Withdrawal,ATM Withdrawal
TXN000041,Ronald Brown,ACC000050,2025-01-20-07:23:30:414,450,Deposit,Cash Deposit
TXN000042,Jennifer Scott,ACC000051,2025-01-21-02:23:42:535,460,Withdrawal,ATM Withdrawal
TXN000043,Kevin Johnson,ACC000052,2025-01-21-08:15:53:656,470,Deposit,Cash Deposit
TXN000044,Lisa Nelson,ACC000053,2025-01-22-03:14:05:778,480,Withdrawal,ATM Withdrawal
TXN000045,Brian Reed,ACC000054,2025-01-22-09:07:17:898,490,Deposit,Cash Deposit
TXN000046,Margaret Wallace,ACC000055,2025-01-23-04:06:29:019,500,Withdrawal,ATM Withdrawal
TXN000047,Eric Brooks,ACC000056,2025-01-23-10:00:40:141,510,Deposit,Cash Deposit
TXN000048,Patricia Russell,ACC000057,2025-01-24-05:00:51:262,520,Withdrawal,ATM Withdrawal
TXN000049,Mark Hall,ACC000058,2025-01-24-11:03:03:384,530,Deposit,Cash Deposit
TXN000050,Dorothy Howard,ACC000059,2025-01-25-05:56:14:505,540,Withdrawal,ATM Withdrawal
TXN000051,Timothy Jenkins,ACC000060,2025-01-25-12:02:26:629,550,Deposit,Cash Deposit
TXN000052,Deborah Sanchez,ACC000061,2025-01-26-06:54:37:749,560,Withdrawal,ATM Withdrawal
TXN000053,Jerry Foster,ACC000062,2025-01-26-13:01:49:871,570,Deposit,Cash Deposit
TXN000054,Carol Clark,ACC000063,2025-01-27-07:55:03:992,580,Withdrawal,ATM Withdrawal
TXN000055,Ronald Lee,ACC000064,2025-01-27-14:04:16:114,590,Deposit,Cash Deposit
TXN000006,Olivia Lee,ACC000015,2025-01-03-08:12:01:219,40,Withdrawal,ATM Withdrawal
TXN000007,Ava Chen,ACC000016,2025-01-03-12:45:06:982,30,Deposit,Cash Deposit
TXN000008,Ethan Hall,ACC000017,2025-01-04-09:23:49:135,20,Withdrawal,ATM Withdrawal
TXN000009,Sophia Patel,ACC000018,2025-01-04-14:01:13:749,10,Deposit,Cash Deposit
TXN000010,Mason Kim,ACC000019,2025-01-05-10:49:22:616,60,Withdrawal,ATM Withdrawal
TXN000011,Isabella Brown,ACC000020,2025-01-05-16:38:45:289,70,Deposit,Cash Deposit
TXN000012,Logan White,ACC000021,2025-01-06-11:15:30:468,50,Withdrawal,ATM Withdrawal
TXN000013,Charlotte Davis,ACC000022,2025-01-06-17:29:53:924,40,Deposit,Cash Deposit
TXN000014,William Lewis,ACC000023,2025-01-07-08:55:09:173,30,Withdrawal,ATM Withdrawal
TXN000015,Abigail Martin,ACC000024,2025-01-07-13:42:19:628,20,Deposit,Cash Deposit
TXN000016,Benjamin Clark,ACC000025,2025-01-08-09:30:44:792,10,Withdrawal,ATM Withdrawal
TXN000017,Emily Taylor,ACC000026,2025-01-08-15:10:01:351,60,Deposit,Cash Deposit
TXN000018,Alexander Hall,ACC000027,2025-01-09-10:20:17:493,70,Withdrawal,ATM Withdrawal
TXN000019,Harper Thompson,ACC000028,2025-01-09-16:50:33:106,50,Deposit,Cash Deposit
TXN000020,Elijah Lee,ACC000029,2025-01-10-11:40:49:227,40,Withdrawal,ATM Withdrawal
TXN000021,Amelia Garcia,ACC000030,2025-01-10-17:20:05:539,30,Deposit,Cash Deposit
TXN000022,James Wilson,ACC000031,2025-01-11-08:10:21:864,20,Withdrawal,ATM Withdrawal
TXN000023,Mia Rodriguez,ACC000032,2025-01-11-13:50:37:191,10,Deposit,Cash Deposit
TXN000024,Gabriel Sanchez,ACC000033,2025-01-12-09:40:53:518,60,Withdrawal,ATM Withdrawal
TXN000025,Sofia Hernandez,ACC000034,2025-01-12-15:30:09:845,70,Deposit,Cash Deposit
TXN000026,Michael Lopez,ACC000035,2025-01-13-10:20:25:172,50,Withdrawal,ATM Withdrawal
TXN000027,Isabella Garcia,ACC000036,2025-01-13-16:50:41:499,40,Deposit,Cash Deposit
TXN000028,Daniel Brown,ACC000037,2025-01-14-11:10:57:826,30,Withdrawal,ATM Withdrawal
TXN000029,Charlotte Davis,ACC000038,2025-01-14-17:30:14:153,20,Deposit,Cash Deposit
TXN000030,Anthony Kim,ACC000039,2025-01-15-08:50:30:480,10,Withdrawal,ATM Withdrawal
TXN000031,Emily Chen,ACC000040,2025-01-15-14:10:46:807,60,Deposit,Cash Deposit
TXN000032,Kevin White,ACC000041,2025-01-16-09:40:03:134,70,Withdrawal,ATM Withdrawal
TXN000033,Abigail Lee,ACC000042,2025-01-16-15:20:19:461,50,Deposit,Cash Deposit
TXN000034,Matthew Taylor,ACC000043,2025-01-17-10:30:35:788,40,Withdrawal,ATM Withdrawal
TXN000035,Harper Martin,ACC000044,2025-01-17-16:50:52:115,30,Deposit,Cash Deposit
TXN000036,Ethan Hall,ACC000045,2025-01-18-08:20:08:442,20,Withdrawal,ATM Withdrawal
TXN000037,Amelia Clark,ACC000046,2025-01-18-14:00:24:769,10,Deposit,Cash Deposit
TXN000038,Lucas Brooks,ACC000047,2025-01-19-09:40:41:096,60,Withdrawal,ATM Withdrawal
TXN000039,Mia Brooks,ACC000048,2025-01-19-15:30:57:423,70,Deposit,Cash Deposit
TXN000040,Alexander Russell,ACC000049,2025-01-20-10:20:13:750,50,Withdrawal,ATM Withdrawal
TXN000041,Sophia Jenkins,ACC000050,2025-01-20-16:40:30:077,40,Deposit,Cash Deposit
TXN000042,Benjamin Foster,ACC000051,2025-01-21-08:10:46:404,30,Withdrawal,ATM Withdrawal
TXN000043,Olivia Patel,ACC000052,2025-01-21-14:00:02:731,20,Deposit,Cash Deposit
TXN000044,Logan Walker,ACC000053,2025-01-22-09:30:19:058,10,Withdrawal,ATM Withdrawal
TXN000045,Ava Russell,ACC000054,2025-01-22-15:10:35:385,60,Deposit,Cash Deposit
TXN000046,Mason Jenkins,ACC000055,2025-01-23-10:40:51:712,70,Withdrawal,ATM Withdrawal
TXN000047,Isabella Foster,ACC000056,2025-01-23-16:30:08:039,50,Deposit,Cash Deposit
TXN000048,Ethan Sanchez,ACC000057,2025-01-24-08:20:24:366,40,Withdrawal,ATM Withdrawal
TXN000049,Sophia Lee,ACC000058,2025-01-24-14:00:40:693,30,Deposit,Cash Deposit
TXN000050,Gabriel Brooks,ACC000059,2025-01-25-09:40:57:020,20,Withdrawal,ATM Withdrawal
TXN000051,Charlotte Hall,ACC000060,2025-01-25-15:20:13:347,10,Deposit,Cash Deposit
TXN000052,Michael White,ACC000061,2025-01-26-10:30:29:674,60,Withdrawal,ATM Withdrawal
TXN000053,Abigail Taylor,ACC000062,2025-01-26-16:40:46:001,70,Deposit,Cash Deposit
TXN000054,Daniel Kim,ACC000063,2025-01-27-08:10:02:328,50,Withdrawal,ATM Withdrawal
TXN000055,Emily Martin,ACC000064,2025-01-27-14:00:18:655,40,Deposit,Cash Deposit
TXN000056,Anthony Davis,ACC000065,2025-01-28-09:30:35:982,30,Withdrawal,ATM Withdrawal
TXN000057,Harper Brown,ACC000066,2025-01-28-15:10:52:309,20,Deposit,Cash Deposit
TXN000058,Kevin Clark,ACC000067,2025-01-29-10:20:08:636,10,Withdrawal,ATM Withdrawal
TXN000006,Olivia Johnson,ACC000015,2025-01-03-08:12:45:219,100,Withdrawal,ATM Withdrawal
TXN000007,Ava Davis,ACC000016,2025-01-03-12:45:01:654,110,Deposit,Cash Deposit
TXN000008,Sophia Rodriguez,ACC000017,2025-01-04-09:23:49:893,120,Withdrawal,ATM Withdrawal
TXN000009,Mia Garcia,ACC000018,2025-01-04-14:56:18:426,130,Deposit,Cash Deposit
TXN000010,Isabella Miller,ACC000019,2025-01-05-10:34:52:982,140,Withdrawal,ATM Withdrawal
TXN000011,Charlotte Thompson,ACC000020,2025-01-05-16:17:36:153,150,Deposit,Cash Deposit
TXN000012,Amelia White,ACC000021,2025-01-06-11:49:14:627,160,Withdrawal,ATM Withdrawal
TXN000013,Harper Harris,ACC000022,2025-01-06-17:21:58:481,170,Deposit,Cash Deposit
TXN000014,Evelyn Lee,ACC000023,2025-01-07-13:04:39:198,180,Withdrawal,ATM Withdrawal
TXN000015,Abigail Hall,ACC000024,2025-01-07-18:38:22:759,190,Deposit,Cash Deposit
TXN000016,Emily Chen,ACC000025,2025-01-08-14:19:05:346,200,Withdrawal,ATM Withdrawal
TXN000017,Lily Kim,ACC000026,2025-01-08-19:53:40:912,210,Deposit,Cash Deposit
TXN000018,Madison Brown,ACC000027,2025-01-09-15:34:27:183,220,Withdrawal,ATM Withdrawal
TXN000019,Victoria Taylor,ACC000028,2025-01-09-21:09:03:449,230,Deposit,Cash Deposit
TXN000020,Jessica Martin,ACC000029,2025-01-10-16:49:14:627,240,Withdrawal,ATM Withdrawal
TXN000021,Samantha Anderson,ACC000030,2025-01-10-22:24:49:893,250,Deposit,Cash Deposit
TXN000022,Ashley Thomas,ACC000031,2025-01-11-18:04:39:198,260,Withdrawal,ATM Withdrawal
TXN000023,Elizabeth Jackson,ACC000032,2025-01-11-23:39:22:759,270,Deposit,Cash Deposit
TXN000024,Alexander Lewis,ACC000033,2025-01-12-19:19:05:346,280,Withdrawal,ATM Withdrawal
TXN000025,Benjamin Clark,ACC000034,2025-01-12-00:53:40:912,290,Deposit,Cash Deposit
TXN000026,Logan Walker,ACC000035,2025-01-13-20:34:27:183,300,Withdrawal,ATM Withdrawal
TXN000027,William Young,ACC000036,2025-01-13-01:09:03:449,310,Deposit,Cash Deposit
TXN000028,Elijah Allen,ACC000037,2025-01-14-21:49:14:627,320,Withdrawal,ATM Withdrawal
TXN000029,James Scott,ACC000038,2025-01-14-01:24:49:893,330,Deposit,Cash Deposit
TXN000030,Gabriel Mitchell,ACC000039,2025-01-15-22:59:39:198,340,Withdrawal,ATM Withdrawal
TXN000031,Michael Davis,ACC000040,2025-01-15-02:39:22:759,350,Deposit,Cash Deposit
TXN000032,Daniel Sanders,ACC000041,2025-01-16-00:14:05:346,360,Withdrawal,ATM Withdrawal
TXN000033,Anthony Patel,ACC000042,2025-01-16-03:53:40:912,370,Deposit,Cash Deposit
TXN000034,Christopher Brooks,ACC000043,2025-01-17-01:29:27:183,380,Withdrawal,ATM Withdrawal
TXN000035,Joseph Sanders,ACC000044,2025-01-17-04:04:03:449,390,Deposit,Cash Deposit
TXN000036,Joshua Jenkins,ACC000045,2025-01-18-02:44:14:627,400,Withdrawal,ATM Withdrawal
TXN000037,Nicholas Santos,ACC000046,2025-01-18-04:54:49:893,410,Deposit,Cash Deposit
TXN000038,Andrew Russell,ACC000047,2025-01-19-03:59:39:198,420,Withdrawal,ATM Withdrawal
TXN000039,Kevin Russell,ACC000048,2025-01-19-05:09:22:759,430,Deposit,Cash Deposit
TXN000040,Tyler Garcia,ACC000049,2025-01-20-05:14:05:346,440,Withdrawal,ATM Withdrawal
TXN000041,Ryan Thompson,ACC000050,2025-01-20-06:24:40:912,450,Deposit,Cash Deposit
TXN000042,Eric White,ACC000051,2025-01-21-06:34:27:183,460,Withdrawal,ATM Withdrawal
TXN000043,Brian Walker,ACC000052,2025-01-21-07:39:03:449,470,Deposit,Cash Deposit
TXN000044,Jason Lee,ACC000053,2025-01-22-07:49:14:627,480,Withdrawal,ATM Withdrawal
TXN000045,Timothy Hall,ACC000054,2025-01-22-08:54:49:893,490,Deposit,Cash Deposit
TXN000046,Ronald Brown,ACC000055,2025-01-23-09:04:39:198,500,Withdrawal,ATM Withdrawal
TXN000047,Richard Martin,ACC000056,2025-01-23-09:59:22:759,510,Deposit,Cash Deposit
TXN000048,Robert Davis,ACC000057,2025-01-24-10:14:05:346,520,Withdrawal,ATM Withdrawal
TXN000049,Donald Kim,ACC000058,2025-01-24-11:09:40:912,530,Deposit,Cash Deposit
TXN000050,Kenneth Clark,ACC000059,2025-01-25-11:24:27:183,540,Withdrawal,ATM Withdrawal
TXN000051,George Harris,ACC000060,2025-01-25-12:19:03:449,550,Deposit,Cash Deposit
TXN000052,Douglas Sanders,ACC000061,2025-01-26-12:34:14:627,560,Withdrawal,ATM Withdrawal
TXN000053,Harold Jackson,ACC000062,2025-01-26-13:29:49:893,570,Deposit,Cash Deposit
TXN000054,Lawrence Jenkins,ACC000063,2025-01-27-13:44:39:198,580,Withdrawal,ATM Withdrawal
TXN000055,Frank Mitchell,ACC000064,2025-01-27-14:29:22:759,590,Deposit,Cash Deposit
TXN000006,Olivia Johnson,ACC000015,2025-01-03-08:12:01:019,100,Withdrawal,ATM Withdrawal
TXN000007,Mason Davis,ACC000016,2025-01-03-12:45:03:982,110,Deposit,Cash Deposit
TXN000008,Ava Lee,ACC000017,2025-01-04-09:23:05:467,120,Withdrawal,ATM Withdrawal
TXN000009,Jackson Hall,ACC000018,2025-01-04-14:01:08:731,130,Deposit,Cash Deposit
TXN000010,Emily Patel,ACC000019,2025-01-05-10:41:10:259,140,Withdrawal,ATM Withdrawal
TXN000011,Logan Kim,ACC000020,2025-01-05-15:19:13:014,150,Deposit,Cash Deposit
TXN000012,Sophia Rodriguez,ACC000021,2025-01-06-08:58:15:389,160,Withdrawal,ATM Withdrawal
TXN000013,Benjamin Martin,ACC000022,2025-01-06-12:29:17:674,170,Deposit,Cash Deposit
TXN000014,Mia Garcia,ACC000023,2025-01-07-09:49:20:027,180,Withdrawal,ATM Withdrawal
TXN000015,Alexander Harris,ACC000024,2025-01-07-14:17:22:439,190,Deposit,Cash Deposit
TXN000016,Charlotte Thompson,ACC000025,2025-01-08-10:54:24:829,200,Withdrawal,ATM Withdrawal
TXN000017,Elijah White,ACC000026,2025-01-08-15:26:27:276,210,Deposit,Cash Deposit
TXN000018,Abigail Lewis,ACC000027,2025-01-09-09:05:29:752,220,Withdrawal,ATM Withdrawal
TXN000019,William Walker,ACC000028,2025-01-09-13:36:32:226,230,Deposit,Cash Deposit
TXN000020,Harper Young,ACC000029,2025-01-10-10:17:34:699,240,Withdrawal,ATM Withdrawal
TXN000021,James Wilson,ACC000030,2025-01-10-14:49:37:169,250,Deposit,Cash Deposit
TXN000022,Evelyn Scott,ACC000031,2025-01-11-09:25:39:644,260,Withdrawal,ATM Withdrawal
TXN000023,George Miller,ACC000032,2025-01-11-13:54:42:116,270,Deposit,Cash Deposit
TXN000024,Avery Davis,ACC000033,2025-01-12-10:43:44:573,280,Withdrawal,ATM Withdrawal
TXN000025,Daniel Moore,ACC000034,2025-01-12-15:13:47:033,290,Deposit,Cash Deposit
TXN000026,Hazel Taylor,ACC000035,2025-01-13-09:42:49:505,300,Withdrawal,ATM Withdrawal
TXN000027,Michael Jackson,ACC000036,2025-01-13-14:10:51:985,310,Deposit,Cash Deposit
TXN000028,Isabella Anderson,ACC000037,2025-01-14-10:19:54:457,320,Withdrawal,ATM Withdrawal
TXN000029,Christopher Thomas,ACC000038,2025-01-14-14:44:57:021,330,Deposit,Cash Deposit
TXN000030,Ruby Harris,ACC000039,2025-01-15-09:28:59:583,340,Withdrawal,ATM Withdrawal
TXN000031,Matthew Jenkins,ACC000040,2025-01-15-13:57:02:149,350,Deposit,Cash Deposit
TXN000032,Lily Brown,ACC000041,2025-01-16-10:06:04:625,360,Withdrawal,ATM Withdrawal
TXN000033,Joshua Lee,ACC000042,2025-01-16-14:32:07:104,370,Deposit,Cash Deposit
TXN000034,Victoria Martin,ACC000043,2025-01-17-09:16:09:588,380,Withdrawal,ATM Withdrawal
TXN000035,Andrew Sanders,ACC000044,2025-01-17-13:46:12:055,390,Deposit,Cash Deposit
TXN000036,Julia Russell,ACC000045,2025-01-18-10:24:14:523,400,Withdrawal,ATM Withdrawal
TXN000037,Nicholas Brooks,ACC000046,2025-01-18-14:50:17:021,410,Deposit,Cash Deposit
TXN000038,Samantha Price,ACC000047,2025-01-19-09:34:19:564,420,Withdrawal,ATM Withdrawal
TXN000039,Tyler Foster,ACC000048,2025-01-19-14:03:22:093,430,Deposit,Cash Deposit
TXN000040,Alexandra Reynolds,ACC000049,2025-01-20-10:12:24:599,440,Withdrawal,ATM Withdrawal
TXN000041,Kevin Brown,ACC000050,2025-01-20-14:37:27:154,450,Deposit,Cash Deposit
TXN000042,Madison White,ACC000051,2025-01-21-09:21:29:671,460,Withdrawal,ATM Withdrawal
TXN000043,Brian Hall,ACC000052,2025-01-21-13:51:32:188,470,Deposit,Cash Deposit
TXN000044,Sydney Lewis,ACC000053,2025-01-22-10:29:34:699,480,Withdrawal,ATM Withdrawal
TXN000045,Justin Walker,ACC000054,2025-01-22-14:54:37:236,490,Deposit,Cash Deposit
TXN000046,Alexis Scott,ACC000055,2025-01-23-09:07:39:757,500,Withdrawal,ATM Withdrawal
TXN000047,Eric Miller,ACC000056,2025-01-23-13:36:42:294,510,Deposit,Cash Deposit
TXN000048,Harper Davis,ACC000057,2025-01-24-10:15:44:831,520,Withdrawal,ATM Withdrawal
TXN000049,Ryan Moore,ACC000058,2025-01-24-14:41:47:374,530,Deposit,Cash Deposit
TXN000050,Emily Taylor,ACC000059,2025-01-25-09:24:49:914,540,Withdrawal,ATM Withdrawal
TXN000051,Austin Jackson,ACC000060,2025-01-25-13:53:52:437,550,Deposit,Cash Deposit
TXN000052,Abigail Anderson,ACC000061,2025-01-26-10:02:54:960,560,Withdrawal,ATM Withdrawal
TXN000053,Jackson Thomas,ACC000062,2025-01-26-14:28:57:498,570,Deposit,Cash Deposit
TXN000054,Isabella Harris,ACC000063,2025-01-27-09:11:59:997,580,Withdrawal,ATM Withdrawal
TXN000055,Julian Jenkins,ACC000064,2025-01-27-13:41:02:515,590,Deposit,Cash Deposit
TXN000056,Olivia Brown,ACC000065,2025-01-28-10:19:04:995,600,Withdrawal,ATM Withdrawal
TXN000057,Caleb Lee,ACC000066,2025-01-28-14:44:07:495,610,Deposit,Cash Deposit
TXN000058,Ava Martin,ACC000067,2025-01-29-09:27:09:989,620,Withdrawal,ATM Withdrawal
TXN000059,Jaxon Sanders,ACC000068,2025-01-29-13:56:12:484,630,Deposit,
TXN000006,Andrew Williams,ACC000015,2025-01-02-11:04:20:953,100,Deposit,Cash Deposit
TXN000007,Lucas Smith,ACC000016,2025-01-02-06:03:29:156,110,Withdrawal,ATM Withdrawal
TXN000008,James Brown,ACC000017,2025-01-01-16:03:09:204,120,Deposit,Cash Deposit
TXN000009,Lucas Doe,ACC000018,2025-01-02-10:58:57:503,130,Withdrawal,ATM Withdrawal
TXN000010,Ethan Martinez,ACC000019,2025-01-01-16:13:53:357,140,Deposit,Cash Deposit
TXN000011,Olivia Johnson,ACC000020,2025-01-02-12:04:20:953,150,Withdrawal,ATM Withdrawal
TXN000012,Ava Garcia,ACC000021,2025-01-02-07:03:29:156,160,Deposit,Cash Deposit
TXN000013,Mason Davis,ACC000022,2025-01-01-17:03:09:204,170,Withdrawal,ATM Withdrawal
TXN000014,Elijah Rodriguez,ACC000023,2025-01-02-11:18:57:503,180,Deposit,Cash Deposit
TXN000015,William Miller,ACC000024,2025-01-01-17:13:53:357,190,Withdrawal,ATM Withdrawal
TXN000016,Sophia Hernandez,ACC000025,2025-01-02-13:04:20:953,200,Deposit,Cash Deposit
TXN000017,Logan Torres,ACC000026,2025-01-02-08:03:29:156,210,Withdrawal,ATM Withdrawal
TXN000018,Alexander Lee,ACC000027,2025-01-01-18:03:09:204,220,Deposit,Cash Deposit
TXN000019,Benjamin White,ACC000028,2025-01-02-11:38:57:503,230,Withdrawal,ATM Withdrawal
TXN000020,Charlotte Hall,ACC000029,2025-01-01-18:13:53:357,240,Deposit,Cash Deposit
TXN000021,Gabriel Martin,ACC000030,2025-01-02-14:04:20:953,250,Withdrawal,ATM Withdrawal
TXN000022,Abigail Thompson,ACC000031,2025-01-02-09:03:29:156,260,Deposit,Cash Deposit
TXN000023,Julian Sanchez,ACC000032,2025-01-01-19:03:09:204,270,Withdrawal,ATM Withdrawal
TXN000024,Harper Lewis,ACC000033,2025-01-02-11:58:57:503,280,Deposit,Cash Deposit
TXN000025,Caleb Brooks,ACC000034,2025-01-01-19:13:53:357,290,Withdrawal,ATM Withdrawal
TXN000026,Emily Chen,ACC000035,2025-01-02-15:04:20:953,300,Deposit,Cash Deposit
TXN000027,Jaxon Patel,ACC000036,2025-01-02-10:03:29:156,310,Withdrawal,ATM Withdrawal
TXN000028,Lily Tran,ACC000037,2025-01-01-20:03:09:204,320,Deposit,Cash Deposit
TXN000029,Kayden Russell,ACC000038,2025-01-02-12:18:57:503,330,Withdrawal,ATM Withdrawal
TXN000030,Madison Price,ACC000039,2025-01-01-20:13:53:357,340,Deposit,Cash Deposit
TXN000031,Christopher Walker,ACC000040,2025-01-02-16:04:20:953,350,Withdrawal,ATM Withdrawal
TXN000032,Victoria Young,ACC000041,2025-01-02-11:03:29:156,360,Deposit,Cash Deposit
TXN000033,Joshua Allen,ACC000042,2025-01-01-21:03:09:204,370,Withdrawal,ATM Withdrawal
TXN000034,Jessica Scott,ACC000043,2025-01-02-12:38:57:503,380,Deposit,Cash Deposit
TXN000035,Michael Davis,ACC000044,2025-01-01-21:13:53:357,390,Withdrawal,ATM Withdrawal
TXN000036,Samantha Brown,ACC000045,2025-01-02-17:04:20:953,400,Deposit,Cash Deposit
TXN000037,Matthew Jenkins,ACC000046,2025-01-02-12:03:29:156,410,Withdrawal,ATM Withdrawal
TXN000038,Amanda Garcia,ACC000047,2025-01-01-22:03:09:204,420,Deposit,Cash Deposit
TXN000039,Nicholas Kim,ACC000048,2025-01-02-12:58:57:503,430,Withdrawal,ATM Withdrawal
TXN000040,Elizabeth Lee,ACC000049,2025-01-01-22:13:53:357,440,Deposit,Cash Deposit
TXN000041,Andrew Taylor,ACC000050,2025-01-02-18:04:20:953,450,Withdrawal,ATM Withdrawal
TXN000042,Jennifer White,ACC000051,2025-01-02-13:03:29:156,460,Deposit,Cash Deposit
TXN000043,Kevin White,ACC000052,2025-01-01-23:03:09:204,470,Withdrawal,ATM Withdrawal
TXN000044,Lisa Nguyen,ACC000053,2025-01-02-13:18:57:503,480,Deposit,Cash Deposit
TXN000045,Brian Mitchell,ACC000054,2025-01-01-23:13:53:357,490,Withdrawal,ATM Withdrawal
TXN000046,Nicole Harris,ACC000055,2025-01-02-19:04:20:953,500,Deposit,Cash Deposit
TXN000047,Steven Martin,ACC000056,2025-01-02-14:03:29:156,510,Withdrawal,ATM Withdrawal
TXN000048,Rebecca Brown,ACC000057,2025-01-02-00:03:09:204,520,Deposit,Cash Deposit
TXN000049,Justin Hall,ACC000058,2025-01-02-13:38:57:503,530,Withdrawal,ATM Withdrawal
TXN000050,Kathryn Walker,ACC000059,2025-01-02-00:13:53:357,540,Deposit,Cash Deposit
TXN000051,Joseph Lee,ACC000060,2025-01-02-20:04:20:953,550,Withdrawal,ATM Withdrawal
TXN000052,Sarah Kim,ACC000061,2025-01-02-15:03:29:156,560,Deposit,Cash Deposit
TXN000053,Daniel Brooks,ACC000062,2025-01-02-01:03:09:204,570,Withdrawal,ATM Withdrawal
TXN000054,Emily Patel,ACC000063,2025-01-02-13:58:57:503,580,Deposit,Cash Deposit
TXN000055,William Russell,ACC000064,2025-01-02-01:13:53:357,590,Withdrawal,ATM Withdrawal
TXN000006,Andrew Williams,ACC000015,2025-01-02-11:01:20:953,100,Withdrawal,ATM Withdrawal
TXN000007,Lucas Smith,ACC000016,2025-01-02-06:03:29:156,110,Deposit,Cash Deposit
TXN000008,James Brown,ACC000017,2025-01-01-16:04:09:204,120,Withdrawal,ATM Withdrawal
TXN000009,Lucas Doe,ACC000018,2025-01-02-10:50:57:503,130,Deposit,Cash Deposit
TXN000010,Ethan Martinez,ACC000019,2025-01-01-16:10:53:357,140,Withdrawal,ATM Withdrawal
TXN000011,Andrew Williams,ACC000020,2025-01-02-11:10:20:953,150,Deposit,Cash Deposit
TXN000012,Olivia Johnson,ACC000021,2025-01-02-07:15:29:156,160,Withdrawal,ATM Withdrawal
TXN000013,James Brown,ACC000022,2025-01-01-16:20:09:204,170,Deposit,Cash Deposit
TXN000014,Sophia Rodriguez,ACC000023,2025-01-02-11:00:57:503,180,Withdrawal,ATM Withdrawal
TXN000015,Mia Garcia,ACC000024,2025-01-01-16:30:53:357,190,Deposit,Cash Deposit
TXN000016,Ethan Martinez,ACC000025,2025-01-02-11:20:20:953,200,Withdrawal,ATM Withdrawal
TXN000017,Lucas Smith,ACC000026,2025-01-02-07:30:29:156,210,Deposit,Cash Deposit
TXN000018,Isabella Davis,ACC000027,2025-01-01-16:40:09:204,220,Withdrawal,ATM Withdrawal
TXN000019,Logan Miller,ACC000028,2025-01-02-11:30:57:503,230,Deposit,Cash Deposit
TXN000020,Alexander Hernandez,ACC000029,2025-01-01-16:50:53:357,240,Withdrawal,ATM Withdrawal
TXN000021,Andrew Williams,ACC000030,2025-01-02-11:40:20:953,250,Deposit,Cash Deposit
TXN000022,Emily Chen,ACC000031,2025-01-02-07:45:29:156,260,Withdrawal,ATM Withdrawal
TXN000023,James Brown,ACC000032,2025-01-01-17:00:09:204,270,Deposit,Cash Deposit
TXN000024,Benjamin Lee,ACC000033,2025-01-02-11:50:57:503,280,Withdrawal,ATM Withdrawal
TXN000025,Charlotte Hall,ACC000034,2025-01-01-17:10:53:357,290,Deposit,Cash Deposit
TXN000026,Lucas Doe,ACC000035,2025-01-02-12:00:20:953,300,Withdrawal,ATM Withdrawal
TXN000027,Abigail Patel,ACC000036,2025-01-02-08:00:29:156,310,Deposit,Cash Deposit
TXN000028,Ethan Martinez,ACC000037,2025-01-01-17:20:09:204,320,Withdrawal,ATM Withdrawal
TXN000029,Jackson Kim,ACC000038,2025-01-02-12:10:57:503,330,Deposit,Cash Deposit
TXN000030,Aiden Brooks,ACC000039,2025-01-01-17:30:53:357,340,Withdrawal,ATM Withdrawal
TXN000031,Andrew Williams,ACC000040,2025-01-02-12:20:20:953,350,Deposit,Cash Deposit
TXN000032,Julia Walker,ACC000041,2025-01-02-08:15:29:156,360,Withdrawal,ATM Withdrawal
TXN000033,Lucas Smith,ACC000042,2025-01-01-17:40:09:204,370,Deposit,Cash Deposit
TXN000034,Elijah Taylor,ACC000043,2025-01-02-12:30:57:503,380,Withdrawal,ATM Withdrawal
TXN000035,Harper White,ACC000044,2025-01-01-17:50:53:357,390,Deposit,Cash Deposit
TXN000036,James Brown,ACC000045,2025-01-02-12:40:20:953,400,Withdrawal,ATM Withdrawal
TXN000037,Landon Brown,ACC000046,2025-01-02-08:30:29:156,410,Deposit,Cash Deposit
TXN000038,Lucas Doe,ACC000047,2025-01-01-18:00:09:204,420,Withdrawal,ATM Withdrawal
TXN000039,Avery Green,ACC000048,2025-01-02-12:50:57:503,430,Deposit,Cash Deposit
TXN000040,Ethan Martinez,ACC000049,2025-01-01-18:10:53:357,440,Withdrawal,ATM Withdrawal
TXN000041,Jasper Sanders,ACC000050,2025-01-02-13:00:20:953,450,Deposit,Cash Deposit
TXN000042,Evelyn Mitchell,ACC000051,2025-01-02-08:45:29:156,460,Withdrawal,ATM Withdrawal
TXN000043,Andrew Williams,ACC000052,2025-01-01-18:20:09:204,470,Deposit,Cash Deposit
TXN000044,Isaac Russell,ACC000053,2025-01-02-13:10:57:503,480,Withdrawal,ATM Withdrawal
TXN000045,Lily Thompson,ACC000054,2025-01-01-18:30:53:357,490,Deposit,Cash Deposit
TXN000046,Lucas Smith,ACC000055,2025-01-02-13:20:20:953,500,Withdrawal,ATM Withdrawal
TXN000047,Madison Jenkins,ACC000056,2025-01-02-09:00:29:156,510,Deposit,Cash Deposit
TXN000048,James Brown,ACC000057,2025-01-01-18:40:09:204,520,Withdrawal,ATM Withdrawal
TXN000049,Sydney Martin,ACC000058,2025-01-02-13:30:57:503,530,Deposit,Cash Deposit
TXN000050,Alexander Davis,ACC000059,2025-01-01-18:50:53:357,540,Withdrawal,ATM Withdrawal
TXN000051,Logan Brooks,ACC000060,2025-01-02-13:40:20:953,550,Deposit,Cash Deposit
TXN000052,Emily Patel,ACC000061,2025-01-02-09:15:29:156,560,Withdrawal,ATM Withdrawal
TXN000053,Benjamin Lee,ACC000062,2025-01-01-19:00:09:204,570,Deposit,Cash Deposit
TXN000054,Charlotte Hall,ACC000063,2025-01-02-13:50:57:503,580,Withdrawal,ATM Withdrawal
TXN000055,Abigail Kim,ACC000064,2025-01-01-19:10:53:357,590,Deposit,Cash Deposit
TXN000006,Olivia Johnson,ACC000015,2025-01-03-08:12:45:219,100,Withdrawal,ATM Withdrawal
TXN000007,Ava Davis,ACC000016,2025-01-03-12:45:01:658,110,Deposit,Cash Deposit
TXN000008,Mason Miller,ACC000017,2025-01-04-09:23:49:032,120,Withdrawal,ATM Withdrawal
TXN000009,Sophia Rodriguez,ACC000018,2025-01-04-14:15:13:491,130,Deposit,Cash Deposit
TXN000010,Logan Gonzalez,ACC000019,2025-01-05-10:50:25:764,140,Withdrawal,ATM Withdrawal
TXN000011,Mia Thompson,ACC000020,2025-01-05-16:38:41:982,150,Deposit,Cash Deposit
TXN000012,Alexander Martin,ACC000021,2025-01-06-11:20:58:119,160,Withdrawal,ATM Withdrawal
TXN000013,Isabella Harris,ACC000022,2025-01-06-17:05:32:756,170,Deposit,Cash Deposit
TXN000014,Elijah Taylor,ACC000023,2025-01-07-08:41:14:268,180,Withdrawal,ATM Withdrawal
TXN000015,Charlotte Jackson,ACC000024,2025-01-07-13:25:44:936,190,Deposit,Cash Deposit
TXN000016,William White,ACC000025,2025-01-08-09:58:22:415,200,Withdrawal,ATM Withdrawal
TXN000017,Abigail Anderson,ACC000026,2025-01-08-15:10:55:692,210,Deposit,Cash Deposit
TXN000018,Benjamin Thomas,ACC000027,2025-01-09-10:35:09:829,220,Withdrawal,ATM Withdrawal
TXN000019,Emily Lewis,ACC000028,2025-01-09-16:23:38:554,230,Deposit,Cash Deposit
TXN000020,James Wilson,ACC000029,2025-01-10-08:15:01:467,240,Withdrawal,ATM Withdrawal
TXN000021,Harper Scott,ACC000030,2025-01-10-13:49:17:756,250,Deposit,Cash Deposit
TXN000022,Michael Lee,ACC000031,2025-01-11-09:40:29:364,260,Withdrawal,ATM Withdrawal
TXN000023,Amelia Young,ACC000032,2025-01-11-15:28:44:982,270,Deposit,Cash Deposit
TXN000024,Matthew Hall,ACC000033,2025-01-12-10:17:58:651,280,Withdrawal,ATM Withdrawal
TXN000025,Evelyn Walker,ACC000034,2025-01-12-16:06:16:219,290,Deposit,Cash Deposit
TXN000026,Ethan Russell,ACC000035,2025-01-13-08:42:36:756,300,Withdrawal,ATM Withdrawal
TXN000027,Lily Sanders,ACC000036,2025-01-13-14:21:03:982,310,Deposit,Cash Deposit
TXN000028,Samuel Jenkins,ACC000037,2025-01-14-09:51:28:415,320,Withdrawal,ATM Withdrawal
TXN000029,Madison Mitchell,ACC000038,2025-01-14-15:35:47:692,330,Deposit,Cash Deposit
TXN000030,Daniel Brown,ACC000039,2025-01-15-10:24:13:829,340,Withdrawal,ATM Withdrawal
TXN000031,Victoria Davis,ACC000040,2025-01-15-16:09:30:554,350,Deposit,Cash Deposit
TXN000032,Anthony Robinson,ACC000041,2025-01-16-08:10:49:467,360,Withdrawal,ATM Withdrawal
TXN000033,Jessica Garcia,ACC000042,2025-01-16-13:44:04:756,370,Deposit,Cash Deposit
TXN000034,Christopher Brooks,ACC000043,2025-01-17-09:29:25:364,380,Withdrawal,ATM Withdrawal
TXN000035,Ashley Sanchez,ACC000044,2025-01-17-15:14:43:982,390,Deposit,Cash Deposit
TXN000036,Joseph Turner,ACC000045,2025-01-18-10:05:07:651,400,Withdrawal,ATM Withdrawal
TXN000037,Sarah Phillips,ACC000046,2025-01-18-16:00:25:219,410,Deposit,Cash Deposit
TXN000038,Joshua Kim,ACC000047,2025-01-19-08:38:44:756,420,Withdrawal,ATM Withdrawal
TXN000039,Elizabeth Foster,ACC000048,2025-01-19-14:20:59:982,430,Deposit,Cash Deposit
TXN000040,Nicholas Nelson,ACC000049,2025-01-20-09:53:17:415,440,Withdrawal,ATM Withdrawal
TXN000041,Margaret Reed,ACC000050,2025-01-20-15:40:33:692,450,Deposit,Cash Deposit
TXN000042,Kevin Shaw,ACC000051,2025-01-21-10:28:48:829,460,Withdrawal,ATM Withdrawal
TXN000043,Stephanie Wallace,ACC000052,2025-01-21-16:16:02:554,470,Deposit,Cash Deposit
TXN000044,Steven Pierce,ACC000053,2025-01-22-08:05:19:467,480,Withdrawal,ATM Withdrawal
TXN000045,Deborah Reid,ACC000054,2025-01-22-13:49:34:756,490,Deposit,Cash Deposit
TXN000046,Timothy Weaver,ACC000055,2025-01-23-09:33:50:364,500,Withdrawal,ATM Withdrawal
TXN000047,Rebecca Russell,ACC000056,2025-01-23-15:19:04:982,510,Deposit,Cash Deposit
TXN000048,Brian Harris,ACC000057,2025-01-24-10:09:21:651,520,Withdrawal,ATM Withdrawal
TXN000049,Laura Brooks,ACC000058,2025-01-24-16:04:38:219,530,Deposit,Cash Deposit
TXN000050,Eric Jenkins,ACC000059,2025-01-25-08:42:55:756,540,Withdrawal,ATM Withdrawal
TXN000051,Emily Patel,ACC000060,2025-01-25-14:25:11:982,550,Deposit,Cash Deposit
TXN000052,David Lee,ACC000061,2025-01-26-09:51:27:415,560,Withdrawal,ATM Withdrawal
TXN000053,Lisa Nguyen,ACC000062,2025-01-26-15:37:43:692,570,Deposit,Cash Deposit
TXN000054,Peter Jackson,ACC000063,2025-01-27-10:23:59:829,580,Withdrawal,ATM Withdrawal
TXN000055,Karen Brown,ACC000064,2025-01-27-16:10:14:554,590,Deposit,Cash Deposit
TXN000006,Olivia Johnson,ACC000015,2025-01-03-08:12:01:219,100,Withdrawal,ATM Withdrawal
TXN000007,Mason Davis,ACC000016,2025-01-03-12:45:03:982,110,Deposit,Cash Deposit
TXN000008,Ava Garcia,ACC000017,2025-01-04-09:23:11:467,120,Withdrawal,ATM Withdrawal
TXN000009,Logan Hall,ACC000018,2025-01-04-14:56:05:138,130,Deposit,Cash Deposit
TXN000010,Emily Miller,ACC000019,2025-01-05-10:17:09:654,140,Withdrawal,ATM Withdrawal
TXN000011,Benjamin Thompson,ACC000020,2025-01-05-16:38:03:829,150,Deposit,Cash Deposit
TXN000012,Harper Wilson,ACC000021,2025-01-06-11:49:01:394,160,Withdrawal,ATM Withdrawal
TXN000013,Alexander Lewis,ACC000022,2025-01-06-18:12:08:572,170,Deposit,Cash Deposit
TXN000014,Abigail Lee,ACC000023,2025-01-07-08:55:06:281,180,Withdrawal,ATM Withdrawal
TXN000015,Elijah Walker,ACC000024,2025-01-07-13:29:05:436,190,Deposit,Cash Deposit
TXN000016,Amelia Young,ACC000025,2025-01-08-09:43:11:768,200,Withdrawal,ATM Withdrawal
TXN000017,William Allen,ACC000026,2025-01-08-15:17:03:593,210,Deposit,Cash Deposit
TXN000018,Mia Scott,ACC000027,2025-01-09-10:25:09:219,220,Withdrawal,ATM Withdrawal
TXN000019,James Russell,ACC000028,2025-01-09-16:51:08:469,230,Deposit,Cash Deposit
TXN000020,Isabella Jenkins,ACC000029,2025-01-10-11:11:06:829,240,Withdrawal,ATM Withdrawal
TXN000021,George Sanders,ACC000030,2025-01-10-17:35:05:138,250,Deposit,Cash Deposit
TXN000022,Charlotte Mitchell,ACC000031,2025-01-11-08:59:01:654,260,Withdrawal,ATM Withdrawal
TXN000023,Robert Robinson,ACC000032,2025-01-11-14:23:11:982,270,Deposit,Cash Deposit
TXN000024,Amelia Sanchez,ACC000033,2025-01-12-09:51:09:394,280,Withdrawal,ATM Withdrawal
TXN000025,Joseph Price,ACC000034,2025-01-12-15:43:08:572,290,Deposit,Cash Deposit
TXN000006,Olivia Johnson,ACC000015,2025-01-03-08:12:45:129,40,Withdrawal,Branch Withdrawal
TXN000007,Ava Lee,ACC000016,2025-01-03-12:01:15:628,30,Deposit,Online Deposit
TXN000008,Ethan Hall,ACC000017,2025-01-04-09:45:50:742,20,Withdrawal,ATM Withdrawal
TXN000009,Sophia Patel,ACC000018,2025-01-04-14:20:10:351,10,Deposit,Cash Deposit
TXN000010,Mason Kim,ACC000019,2025-01-05-11:30:40:219,25,Withdrawal,Branch Withdrawal
TXN000011,Isabella Brown,ACC000020,2025-01-05-16:05:25:467,35,Deposit,Online Deposit
TXN000012,Logan White,ACC000021,2025-01-06-10:15:05:893,45,Withdrawal,ATM Withdrawal
TXN000013,Charlotte Davis,ACC000022,2025-01-06-13:50:30:174,55,Deposit,Cash Deposit
TXN000014,Alexander Martin,ACC000023,2025-01-07-09:00:10:528,65,Withdrawal,Branch Withdrawal
TXN000015,Amelia Taylor,ACC000024,2025-01-07-12:35:45:792,75,Deposit,Online Deposit
TXN000016,Benjamin Garcia,ACC000025,2025-01-08-11:10:20:359,85,Withdrawal,ATM Withdrawal
TXN000017,Harper Thompson,ACC000026,2025-01-08-15:45:50:620,95,Deposit,Cash Deposit
TXN000018,Elijah Walker,ACC000027,2025-01-09-10:30:05:148,15,Withdrawal,Branch Withdrawal
TXN000019,Abigail Young,ACC000028,2025-01-09-14:05:30:275,65,Deposit,Online Deposit
TXN000020,William Allen,ACC000029,2025-01-10-09:15:10:392,50,Withdrawal,ATM Withdrawal
TXN000021,Emily Hernandez,ACC000030,2025-01-10-12:50:40:517,80,Deposit,Cash Deposit
TXN000022,James Wilson,ACC000031,2025-01-11-11:20:05:629,60,Withdrawal,Branch Withdrawal
TXN000023,Sarah Lewis,ACC000032,2025-01-11-15:55:25:741,90,Deposit,Online Deposit
TXN000024,Michael Scott,ACC000033,2025-01-12-10:05:30:853,70,Withdrawal,ATM Withdrawal
TXN000025,Jessica Mitchell,ACC000034,2025-01-12-14:30:50:964,40,Deposit,Cash Deposit
